case_id,individual_id,vin,case_type,call_driver,channel,case_open_ts,case_close_ts,days_to_close,closed_within_24h,first_contact_resolution,csat_score,region,case_month
CASE900000,IND100024,1GC800545147365,WiFi,Other,Mobile App,2026-01-26 11:00:00,2026-01-26 23:45:03.293222,0.53,Y,Y,3,Midwest,2026-01-01
CASE900001,IND100057,1GC611867076357,WiFi,Other,IVR,2026-01-13 14:00:00,2026-01-13 15:17:08.194834,0.05,Y,Y,5,Northeast,2026-01-01
CASE900002,IND100087,1GC515689507225,WiFi,No / Slow Internet,Phone,2026-01-02 04:00:00,2026-01-02 04:42:48.608526,0.03,Y,Y,5,Southwest,2026-01-01
CASE900003,IND100132,1GC622955025729,OnBoarding,Other,Phone,2026-01-04 19:00:00,2026-01-06 02:15:09.885724,1.3,N,N,4,West,2026-01-01
CASE900004,IND100012,1GC679478608071,WiFi,No / Slow Internet,Phone,2026-01-26 11:00:00,2026-01-26 11:28:48.000000,0.02,Y,Y,4,Southeast,2026-01-01
CASE900005,IND100049,1GC225777235248,Infotainment,App Not Working,Dealer,2026-01-22 07:00:00,2026-01-22 20:27:44.050156,0.56,Y,Y,1,Southwest,2026-01-01
CASE900006,IND100081,1GC465748175295,OnBoarding,Other,Phone,2026-01-19 19:00:00,2026-01-20 09:08:29.062713,0.59,Y,Y,2,West,2026-01-01
CASE900007,IND100143,1GC614555247137,WiFi,No / Slow Internet,Chat,2026-01-01 07:00:00,2026-01-02 00:05:05.533795,0.71,Y,Y,5,Northeast,2026-01-01
CASE900008,IND100005,1GC705016083735,OnBoarding,Other,Phone,2026-01-09 04:00:00,2026-01-09 18:02:02.509357,0.58,Y,Y,3,West,2026-01-01
CASE900009,IND100062,1GC608712495832,OnBoarding,Other,Phone,2026-01-11 03:00:00,2026-01-11 09:13:42.514135,0.26,Y,N,5,West,2026-01-01
CASE900010,IND100130,1GC253533671683,OnBoarding,BBWC,IVR,2026-01-12 14:00:00,2026-01-15 04:33:41.323172,2.61,N,Y,5,West,2026-01-01
CASE900011,IND100001,1GC494990595776,Infotainment,DIC (Driver Information Center),Chat,2026-01-18 13:00:00,2026-01-18 20:45:37.065845,0.32,Y,N,5,Northeast,2026-01-01
CASE900012,IND100008,1GC754295152857,WiFi,No / Slow Internet,Mobile App,2026-01-04 09:00:00,2026-01-06 20:54:38.379007,2.5,N,N,5,Southeast,2026-01-01
CASE900013,IND100125,1GC544591737319,WiFi,No / Slow Internet,Dealer,2026-01-03 16:00:00,2026-01-03 18:39:31.188651,0.11,Y,Y,5,Southeast,2026-01-01
CASE900014,IND100146,1GC398412097607,Infotainment,On Screen Messages,Phone,2026-01-22 09:00:00,2026-01-22 10:51:08.458868,0.08,Y,Y,4,Southeast,2026-01-01
CASE900015,IND100092,1GC501540648016,OnBoarding,Enroll Vehicle,Mobile App,2026-01-15 01:00:00,2026-01-15 02:52:46.422592,0.08,Y,N,5,West,2026-01-01
CASE900016,IND100050,1GC279917382227,Infotainment,App Not Working,Phone,2026-01-24 11:00:00,2026-01-25 17:57:07.804649,1.29,N,Y,3,Southeast,2026-01-01
CASE900017,IND100061,1GC523986585528,Infotainment,On Screen Messages,Chat,2026-01-19 22:00:00,2026-01-22 03:39:52.691602,2.24,N,N,3,West,2026-01-01
CASE900018,IND100028,1GC902509539628,OnBoarding,Other,Phone,2026-01-09 10:00:00,2026-01-09 10:28:48.000000,0.02,Y,Y,5,Southeast,2026-01-01
CASE900019,IND100058,1GC225817298314,OnBoarding,Other,Mobile App,2026-01-03 21:00:00,2026-01-04 23:14:26.941494,1.09,N,Y,3,Midwest,2026-01-01
CASE900020,IND100146,1GC398412097607,OnBoarding,Other,Mobile App,2026-01-16 15:00:00,2026-01-16 16:12:02.715468,0.05,Y,N,4,Southeast,2026-01-01
CASE900021,IND100000,1GC796560443699,WiFi,Hotspot: Data Not Shared / Disabled,Phone,2026-01-03 19:00:00,2026-01-05 05:46:38.291239,1.45,N,Y,4,Midwest,2026-01-01
CASE900022,IND100012,1GC679478608071,OnBoarding,Other,Chat,2026-01-17 09:00:00,2026-01-18 02:11:36.043873,0.72,Y,Y,5,Southeast,2026-01-01
CASE900023,IND100054,1GC734648840762,OnBoarding,Other,Dealer,2026-01-11 13:00:00,2026-01-12 23:04:40.123557,1.42,N,N,5,Southwest,2026-01-01
CASE900024,IND100061,1GC523986585528,OnBoarding,Other,Mobile App,2026-01-20 01:00:00,2026-01-20 12:01:50.485539,0.46,Y,Y,5,West,2026-01-01
CASE900025,IND100000,1GC843662731774,WiFi,No / Slow Internet,Dealer,2026-01-17 11:00:00,2026-01-20 11:00:02.922662,3.0,N,Y,4,Midwest,2026-01-01
CASE900026,IND100041,1GC849410376451,Infotainment,Other,Phone,2026-01-20 17:00:00,2026-01-21 16:31:12.891021,0.98,Y,Y,4,West,2026-01-01
CASE900027,IND100136,1GC962703291916,OnBoarding,BBWC,Dealer,2026-01-27 17:00:00,2026-01-28 11:49:03.005152,0.78,Y,Y,5,West,2026-01-01
CASE900028,IND100108,1GC186751865938,Infotainment,Other,Mobile App,2026-01-20 02:00:00,2026-01-21 18:53:49.944293,1.7,N,Y,5,Northeast,2026-01-01
CASE900029,IND100027,1GC993138007649,OnBoarding,Other,Phone,2026-01-22 18:00:00,2026-01-23 03:06:44.788401,0.38,Y,Y,4,West,2026-01-01
CASE900030,IND100122,1GC175999889025,OnBoarding,BBWC,Phone,2026-01-03 22:00:00,2026-01-04 08:59:05.979462,0.46,Y,Y,3,Southeast,2026-01-01
CASE900031,IND100027,1GC139423389208,WiFi,No / Slow Internet,Chat,2026-01-17 16:00:00,2026-01-18 00:18:15.652223,0.35,Y,Y,3,West,2026-01-01
CASE900032,IND100131,1GC932608106538,Infotainment,App Not Working,Chat,2026-01-15 12:00:00,2026-01-15 23:54:58.378765,0.5,Y,Y,5,Southeast,2026-01-01
CASE900033,IND100009,1GC791782742725,WiFi,Hotspot: SSID and Password,Phone,2026-01-07 20:00:00,2026-01-08 16:54:53.622361,0.87,Y,Y,5,West,2026-01-01
CASE900034,IND100019,1GC957609455561,OnBoarding,Other,Mobile App,2026-01-14 12:00:00,2026-01-17 13:44:44.190145,3.07,N,Y,4,Northeast,2026-01-01
CASE900035,IND100016,1GC846810768818,WiFi,Other,Chat,2026-01-08 23:00:00,2026-01-09 21:08:48.871810,0.92,Y,N,4,Midwest,2026-01-01
CASE900036,IND100029,1GC773747217510,OnBoarding,Enroll Vehicle,Phone,2026-01-04 05:00:00,2026-01-04 19:26:54.248823,0.6,Y,N,4,West,2026-01-01
CASE900037,IND100055,1GC802656127918,OnBoarding,Other,Phone,2026-01-05 01:00:00,2026-01-05 14:45:21.617267,0.57,Y,N,5,Southeast,2026-01-01
CASE900038,IND100028,1GC902509539628,OnBoarding,Enroll Vehicle,Dealer,2026-01-11 02:00:00,2026-01-11 12:36:58.254601,0.44,Y,Y,5,Southeast,2026-01-01
CASE900039,IND100087,1GC515689507225,WiFi,Other,Chat,2026-01-08 01:00:00,2026-01-08 17:28:40.972839,0.69,Y,Y,4,Southwest,2026-01-01
CASE900040,IND100027,1GC993138007649,OnBoarding,Enroll Vehicle,Phone,2026-01-06 10:00:00,2026-01-06 10:28:48.000000,0.02,Y,Y,5,West,2026-01-01
CASE900041,IND100018,1GC385425003540,OnBoarding,Other,Chat,2026-01-11 07:00:00,2026-01-11 17:36:54.299096,0.44,Y,Y,5,West,2026-01-01
CASE900042,IND100001,1GC906544694654,WiFi,No / Slow Internet,Chat,2026-01-09 06:00:00,2026-01-09 08:33:04.892677,0.11,Y,N,4,Northeast,2026-01-01
CASE900043,IND100023,1GC942439213043,OnBoarding,Other,Phone,2026-01-21 21:00:00,2026-01-22 00:23:44.647455,0.14,Y,Y,5,Midwest,2026-01-01
CASE900044,IND100139,1GC174456999930,OnBoarding,Other,Phone,2026-01-12 11:00:00,2026-01-12 13:09:50.211134,0.09,Y,N,4,West,2026-01-01
CASE900045,IND100106,1GC504425351928,WiFi,No / Slow Internet,Phone,2026-01-20 00:00:00,2026-01-21 07:14:14.306937,1.3,N,N,3,Southwest,2026-01-01
CASE900046,IND100049,1GC225777235248,OnBoarding,Enroll Vehicle,Phone,2026-01-07 10:00:00,2026-01-07 22:36:40.094337,0.53,Y,Y,5,Southwest,2026-01-01
CASE900047,IND100004,1GC197718167021,WiFi,Other,Phone,2026-01-14 03:00:00,2026-01-14 22:01:26.602915,0.79,Y,Y,4,Midwest,2026-01-01
CASE900048,IND100044,1GC849033821254,Infotainment,App Not Working,Phone,2026-01-19 09:00:00,2026-01-19 19:33:26.474204,0.44,Y,Y,4,Midwest,2026-01-01
CASE900049,IND100043,1GC381129977243,OnBoarding,Other,Dealer,2026-01-23 14:00:00,2026-01-23 14:28:48.000000,0.02,Y,Y,5,Midwest,2026-01-01
CASE900050,IND100007,1GC693480371222,WiFi,No / Slow Internet,Chat,2026-01-02 01:00:00,2026-01-02 06:09:31.221348,0.21,Y,Y,5,Northeast,2026-01-01
CASE900051,IND100132,1GC622955025729,OnBoarding,BBWC,Phone,2026-01-10 22:00:00,2026-01-12 14:54:07.986839,1.7,N,Y,5,West,2026-01-01
CASE900052,IND100042,1GC730238591801,OnBoarding,Hardware Replacement,Phone,2026-01-21 23:00:00,2026-01-22 09:00:43.316298,0.42,Y,Y,4,Northeast,2026-01-01
CASE900053,IND100076,1GC364234381989,WiFi,No / Slow Internet,Phone,2026-01-12 13:00:00,2026-01-13 07:29:49.932737,0.77,Y,Y,4,Midwest,2026-01-01
CASE900054,IND100008,1GC754295152857,OnBoarding,Other,Mobile App,2026-01-20 17:00:00,2026-01-22 04:52:52.438139,1.5,N,N,5,Southeast,2026-01-01
CASE900055,IND100006,1GC353110405454,OnBoarding,BBWC,Mobile App,2026-01-12 19:00:00,2026-01-15 16:46:49.614475,2.91,N,Y,3,Southeast,2026-01-01
CASE900056,IND100130,1GC253533671683,OnBoarding,Enroll Vehicle,Mobile App,2026-01-23 18:00:00,2026-01-25 02:09:52.364670,1.34,N,N,3,West,2026-01-01
CASE900057,IND100143,1GC614555247137,Infotainment,App Not Working,IVR,2026-01-13 13:00:00,2026-01-14 04:22:50.391899,0.64,Y,Y,5,Northeast,2026-01-01
CASE900058,IND100142,1GC944043809476,OnBoarding,Other,Chat,2026-01-12 15:00:00,2026-01-13 02:55:12.926695,0.5,Y,Y,3,Northeast,2026-01-01
CASE900059,IND100038,1GC304218414145,WiFi,No / Slow Internet,Phone,2026-01-24 21:00:00,2026-01-24 22:06:15.002012,0.05,Y,Y,3,Southwest,2026-01-01
CASE900060,IND100113,1GC621297612047,OnBoarding,Enroll Vehicle,IVR,2026-01-13 08:00:00,2026-01-14 01:05:25.084185,0.71,Y,Y,2,Southeast,2026-01-01
CASE900061,IND100061,1GC523986585528,WiFi,No / Slow Internet,Mobile App,2026-01-11 02:00:00,2026-01-11 05:38:06.204585,0.15,Y,Y,3,West,2026-01-01
CASE900062,IND100052,1GC808231939751,OnBoarding,Other,Dealer,2026-01-18 15:00:00,2026-01-19 06:54:29.390743,0.66,Y,N,5,Southeast,2026-01-01
CASE900063,IND100019,1GC957609455561,OnBoarding,Other,Phone,2026-01-17 01:00:00,2026-01-18 14:45:52.914234,1.57,N,N,3,Northeast,2026-01-01
CASE900064,IND100064,1GC671246487999,WiFi,No / Slow Internet,Phone,2026-01-15 16:00:00,2026-01-16 23:36:55.241313,1.32,N,Y,3,Midwest,2026-01-01
CASE900065,IND100017,1GC827426324857,WiFi,Hotspot: SSID and Password,Mobile App,2026-01-01 00:00:00,2026-01-01 07:09:28.985151,0.3,Y,Y,5,Southwest,2026-01-01
CASE900066,IND100002,1GC872738127919,OnBoarding,Enroll Vehicle,Phone,2026-01-08 03:00:00,2026-01-08 06:07:17.031334,0.13,Y,Y,5,Northeast,2026-01-01
CASE900067,IND100002,1GC872738127919,OnBoarding,Other,Chat,2026-01-22 15:00:00,2026-01-24 04:26:20.765229,1.56,N,Y,5,Northeast,2026-01-01
CASE900068,IND100129,1GC628880114959,WiFi,No / Slow Internet,Mobile App,2026-01-12 07:00:00,2026-01-12 15:52:36.180033,0.37,Y,N,4,Northeast,2026-01-01
CASE900069,IND100070,1GC293126205537,OnBoarding,Other,Chat,2026-01-03 12:00:00,2026-01-03 12:34:22.557526,0.02,Y,Y,3,Northeast,2026-01-01
CASE900070,IND100114,1GC259095504645,Infotainment,App Not Working,Chat,2026-01-17 14:00:00,2026-01-17 21:39:42.428139,0.32,Y,Y,3,Southeast,2026-01-01
CASE900071,IND100085,1GC181043074697,OnBoarding,Enroll Vehicle,Mobile App,2026-01-27 00:00:00,2026-01-30 09:18:59.025564,3.39,N,Y,4,Northeast,2026-01-01
CASE900072,IND100007,1GC807457874748,OnBoarding,Other,Phone,2026-01-26 21:00:00,2026-01-28 10:18:32.790398,1.55,N,Y,5,Northeast,2026-01-01
CASE900073,IND100091,1GC726688337569,WiFi,Hotspot: SSID and Password,Phone,2026-01-26 08:00:00,2026-01-26 19:02:03.916406,0.46,Y,N,5,Southwest,2026-01-01
CASE900074,IND100078,1GC601328937106,OnBoarding,Other,Phone,2026-01-03 00:00:00,2026-01-03 00:42:58.539244,0.03,Y,N,3,West,2026-01-01
CASE900075,IND100084,1GC120440865820,OnBoarding,BBWC,Phone,2026-01-01 06:00:00,2026-01-02 15:33:56.840635,1.4,N,Y,5,Northeast,2026-01-01
CASE900076,IND100104,1GC800875813568,WiFi,Other,Phone,2026-01-27 15:00:00,2026-01-27 15:28:48.000000,0.02,Y,Y,5,Southeast,2026-01-01
CASE900077,IND100074,1GC152472467520,Infotainment,Other,Phone,2026-01-13 17:00:00,2026-01-15 22:18:25.603377,2.22,N,N,3,Southwest,2026-01-01
CASE900078,IND100075,1GC353245502819,Infotainment,On Screen Messages,Chat,2026-01-07 12:00:00,2026-01-08 11:13:18.157783,0.97,Y,N,1,Northeast,2026-01-01
CASE900079,IND100025,1GC275174837066,WiFi,No / Slow Internet,Phone,2026-01-02 09:00:00,2026-01-02 21:29:54.282701,0.52,Y,N,4,Southwest,2026-01-01
CASE900080,IND100018,1GC844868054792,OnBoarding,Other,Chat,2026-01-11 12:00:00,2026-01-12 13:31:50.929045,1.06,N,N,4,West,2026-01-01
CASE900081,IND100120,1GC625688172020,OnBoarding,BBWC,Phone,2026-01-22 20:00:00,2026-01-23 01:09:55.597397,0.22,Y,Y,5,Northeast,2026-01-01
CASE900082,IND100139,1GC174456999930,OnBoarding,Enroll Vehicle,IVR,2026-01-12 11:00:00,2026-01-12 23:40:13.636263,0.53,Y,Y,5,West,2026-01-01
CASE900083,IND100039,1GC702832595213,OnBoarding,Other,Chat,2026-01-21 19:00:00,2026-01-22 01:48:57.008157,0.28,Y,Y,4,West,2026-01-01
CASE900084,IND100109,1GC912342156888,WiFi,Hotspot: SSID and Password,Chat,2026-01-14 01:00:00,2026-01-14 07:57:07.863755,0.29,Y,Y,3,Northeast,2026-01-01
CASE900085,IND100047,1GC359495293536,WiFi,No / Slow Internet,Dealer,2026-01-23 04:00:00,2026-01-25 14:52:00.587464,2.45,N,Y,3,West,2026-01-01
CASE900086,IND100004,1GC197718167021,Infotainment,Other,Mobile App,2026-01-08 02:00:00,2026-01-09 09:34:33.050727,1.32,N,Y,2,Midwest,2026-01-01
CASE900087,IND100076,1GC364234381989,Infotainment,App Not Working,Phone,2026-01-04 22:00:00,2026-01-05 05:31:31.394447,0.31,Y,Y,3,Midwest,2026-01-01
CASE900088,IND100017,1GC827426324857,WiFi,No / Slow Internet,Chat,2026-01-10 08:00:00,2026-01-14 05:32:49.411926,3.9,N,Y,3,Southwest,2026-01-01
CASE900089,IND100016,1GC599126308313,WiFi,No / Slow Internet,Phone,2026-01-27 12:00:00,2026-01-28 02:42:21.172477,0.61,Y,Y,4,Midwest,2026-01-01
CASE900090,IND100024,1GC248147035823,OnBoarding,Other,Phone,2026-01-18 08:00:00,2026-01-19 06:08:07.984467,0.92,Y,Y,3,Midwest,2026-01-01
CASE900091,IND100015,1GC304514849606,WiFi,No / Slow Internet,Phone,2026-01-04 11:00:00,2026-01-06 08:40:31.866573,1.9,N,Y,3,Midwest,2026-01-01
CASE900092,IND100120,1GC625688172020,WiFi,No / Slow Internet,Mobile App,2026-01-03 20:00:00,2026-01-04 14:48:59.358260,0.78,Y,Y,5,Northeast,2026-01-01
CASE900093,IND100081,1GC465748175295,WiFi,No / Slow Internet,Phone,2026-01-09 12:00:00,2026-01-09 15:41:35.207188,0.15,Y,Y,3,West,2026-01-01
CASE900094,IND100029,1GC773747217510,WiFi,Hotspot: SSID and Password,Chat,2026-01-05 04:00:00,2026-01-05 07:33:12.313214,0.15,Y,Y,5,West,2026-01-01
CASE900095,IND100017,1GC827426324857,WiFi,No / Slow Internet,Phone,2026-01-09 17:00:00,2026-01-10 16:39:00.419049,0.99,Y,N,4,Southwest,2026-01-01
CASE900096,IND100078,1GC601328937106,Infotainment,Other,Chat,2026-01-18 16:00:00,2026-01-19 23:21:13.658726,1.31,N,Y,4,West,2026-01-01
CASE900097,IND100119,1GC664577956631,OnBoarding,Enroll Vehicle,Dealer,2026-01-22 02:00:00,2026-01-22 17:35:57.907920,0.65,Y,Y,5,Midwest,2026-01-01
CASE900098,IND100092,1GC501540648016,OnBoarding,BBWC,Phone,2026-01-21 16:00:00,2026-01-22 08:36:38.662278,0.69,Y,Y,4,West,2026-01-01
CASE900099,IND100024,1GC800545147365,OnBoarding,Other,Chat,2026-01-12 22:00:00,2026-01-15 01:01:02.391426,2.13,N,N,5,Midwest,2026-01-01
CASE900100,IND100055,1GC802656127918,WiFi,Other,Mobile App,2026-01-26 02:00:00,2026-01-26 16:44:48.324746,0.61,Y,Y,3,Southeast,2026-01-01
CASE900101,IND100071,1GC467675779351,WiFi,Hotspot: SSID and Password,Dealer,2026-01-04 18:00:00,2026-01-05 04:32:06.070398,0.44,Y,Y,4,Southeast,2026-01-01
CASE900102,IND100108,1GC186751865938,OnBoarding,BBWC,Mobile App,2026-01-12 23:00:00,2026-01-13 00:52:55.910026,0.08,Y,Y,3,Northeast,2026-01-01
CASE900103,IND100031,1GC970758759189,OnBoarding,Other,Phone,2026-01-05 08:00:00,2026-01-06 04:03:16.975928,0.84,Y,Y,3,Southwest,2026-01-01
CASE900104,IND100004,1GC184759613098,OnBoarding,Enroll Vehicle,Mobile App,2026-01-17 03:00:00,2026-01-17 06:01:56.891781,0.13,Y,N,3,Midwest,2026-01-01
CASE900105,IND100013,1GC840485451942,WiFi,Hotspot: SSID and Password,Mobile App,2026-01-06 07:00:00,2026-01-06 19:07:40.187103,0.51,Y,N,4,Northeast,2026-01-01
CASE900106,IND100079,1GC805508388194,OnBoarding,Hardware Replacement,Mobile App,2026-01-16 11:00:00,2026-01-17 08:20:32.734394,0.89,Y,N,4,Midwest,2026-01-01
CASE900107,IND100055,1GC802656127918,OnBoarding,Other,Chat,2026-01-09 07:00:00,2026-01-11 14:02:20.294993,2.29,N,N,4,Southeast,2026-01-01
CASE900108,IND100063,1GC788498971673,OnBoarding,Other,Mobile App,2026-01-24 23:00:00,2026-01-25 13:28:06.894973,0.6,Y,N,4,Midwest,2026-01-01
CASE900109,IND100057,1GC611867076357,Infotainment,On Screen Messages,Mobile App,2026-01-17 03:00:00,2026-01-21 04:27:18.244689,4.06,N,N,5,Northeast,2026-01-01
CASE900110,IND100009,1GC505347344105,OnBoarding,Hardware Replacement,Chat,2026-01-12 03:00:00,2026-01-12 14:37:31.030015,0.48,Y,N,3,West,2026-01-01
CASE900111,IND100091,1GC726688337569,OnBoarding,Hardware Replacement,Phone,2026-01-18 09:00:00,2026-01-19 03:31:06.922198,0.77,Y,Y,4,Southwest,2026-01-01
CASE900112,IND100017,1GC157435530493,WiFi,No / Slow Internet,Chat,2026-01-19 18:00:00,2026-01-20 03:23:32.051016,0.39,Y,Y,5,Southwest,2026-01-01
CASE900113,IND100078,1GC601328937106,OnBoarding,BBWC,Phone,2026-01-02 00:00:00,2026-01-02 03:43:27.746570,0.16,Y,Y,5,West,2026-01-01
CASE900114,IND100056,1GC513024197984,Infotainment,App Not Working,Phone,2026-01-11 03:00:00,2026-01-11 16:47:14.430840,0.57,Y,Y,5,Southwest,2026-01-01
CASE900115,IND100114,1GC259095504645,Infotainment,DIC (Driver Information Center),Chat,2026-01-06 16:00:00,2026-01-08 03:23:15.169668,1.47,N,Y,5,Southeast,2026-01-01
CASE900116,IND100122,1GC175999889025,OnBoarding,Other,Chat,2026-01-25 04:00:00,2026-01-25 07:46:49.524769,0.16,Y,N,5,Southeast,2026-01-01
CASE900117,IND100130,1GC253533671683,WiFi,No / Slow Internet,Phone,2026-01-25 03:00:00,2026-01-25 04:07:07.624108,0.05,Y,N,5,West,2026-01-01
CASE900118,IND100012,1GC307192591805,Infotainment,Other,Phone,2026-01-08 23:00:00,2026-01-09 03:16:13.662946,0.18,Y,Y,4,Southeast,2026-01-01
CASE900119,IND100093,1GC442919103486,OnBoarding,Other,Mobile App,2026-01-23 02:00:00,2026-01-24 17:46:48.608867,1.66,N,Y,5,Northeast,2026-01-01
CASE900120,IND100134,1GC631823942332,OnBoarding,BBWC,Phone,2026-01-06 18:00:00,2026-01-07 22:26:20.748411,1.18,N,Y,3,Southeast,2026-01-01
CASE900121,IND100125,1GC544591737319,OnBoarding,Other,Phone,2026-01-10 01:00:00,2026-01-11 06:40:48.762313,1.24,N,Y,5,Southeast,2026-01-01
CASE900122,IND100148,1GC495020314274,WiFi,No / Slow Internet,Chat,2026-01-06 13:00:00,2026-01-07 12:26:18.540766,0.98,Y,Y,3,Southwest,2026-01-01
CASE900123,IND100007,1GC693480371222,WiFi,No / Slow Internet,Phone,2026-01-13 17:00:00,2026-01-15 16:56:32.662305,2.0,N,Y,5,Northeast,2026-01-01
CASE900124,IND100114,1GC259095504645,OnBoarding,Other,Mobile App,2026-01-22 23:00:00,2026-01-24 01:23:06.089826,1.1,N,Y,2,Southeast,2026-01-01
CASE900125,IND100149,1GC119450871892,WiFi,No / Slow Internet,Phone,2026-01-27 04:00:00,2026-01-28 09:58:00.563121,1.25,N,Y,4,West,2026-01-01
CASE900126,IND100121,1GC684861941398,Infotainment,Other,Phone,2026-01-02 20:00:00,2026-01-04 21:37:22.848153,2.07,N,N,4,Midwest,2026-01-01
CASE900127,IND100005,1GC978060116472,WiFi,No / Slow Internet,Chat,2026-01-14 19:00:00,2026-01-18 04:13:39.233091,3.38,N,N,5,West,2026-01-01
CASE900128,IND100091,1GC726688337569,OnBoarding,Other,Phone,2026-01-27 11:00:00,2026-01-28 12:57:06.638946,1.08,N,Y,4,Southwest,2026-01-01
CASE900129,IND100086,1GC750123415536,Infotainment,App Not Working,Phone,2026-01-25 06:00:00,2026-01-25 13:18:32.891678,0.3,Y,Y,4,Midwest,2026-01-01
CASE900130,IND100018,1GC385425003540,Infotainment,Other,Chat,2026-01-05 21:00:00,2026-01-06 15:06:15.801530,0.75,Y,Y,5,West,2026-01-01
CASE900131,IND100013,1GC133671300558,WiFi,No / Slow Internet,Chat,2026-01-21 14:00:00,2026-01-22 16:39:19.130289,1.11,N,Y,4,Northeast,2026-01-01
CASE900132,IND100147,1GC568605162223,OnBoarding,Enroll Vehicle,Chat,2026-01-13 06:00:00,2026-01-13 07:42:33.645861,0.07,Y,Y,4,West,2026-01-01
CASE900133,IND100128,1GC193062670950,OnBoarding,Enroll Vehicle,Dealer,2026-01-01 12:00:00,2026-01-02 06:57:17.438082,0.79,Y,Y,5,West,2026-01-01
CASE900134,IND100146,1GC398412097607,Infotainment,Other,Chat,2026-01-22 00:00:00,2026-01-22 13:41:14.141414,0.57,Y,Y,3,Southeast,2026-01-01
CASE900135,IND100003,1GC598632529184,WiFi,Hotspot: Data Not Shared / Disabled,Dealer,2026-01-25 13:00:00,2026-01-25 13:28:48.000000,0.02,Y,N,5,Southwest,2026-01-01
CASE900136,IND100058,1GC225817298314,Infotainment,App Not Working,Phone,2026-01-02 21:00:00,2026-01-03 17:56:03.726891,0.87,Y,Y,4,Midwest,2026-01-01
CASE900137,IND100085,1GC181043074697,Infotainment,On Screen Messages,Phone,2026-01-25 03:00:00,2026-01-25 04:34:12.266663,0.07,Y,N,3,Northeast,2026-01-01
CASE900138,IND100081,1GC465748175295,OnBoarding,Enroll Vehicle,Phone,2026-01-24 17:00:00,2026-01-25 10:39:14.036050,0.74,Y,Y,4,West,2026-01-01
CASE900139,IND100093,1GC442919103486,Infotainment,App Not Working,Chat,2026-01-07 16:00:00,2026-01-11 05:11:51.876625,3.55,N,N,5,Northeast,2026-01-01
CASE900140,IND100017,1GC827426324857,OnBoarding,Enroll Vehicle,Chat,2026-01-18 21:00:00,2026-01-20 07:13:07.247104,1.43,N,Y,4,Southwest,2026-01-01
CASE900141,IND100026,1GC491587354002,OnBoarding,Other,Phone,2026-01-01 06:00:00,2026-01-01 06:44:44.486933,0.03,Y,Y,4,Northeast,2026-01-01
CASE900142,IND100131,1GC932608106538,OnBoarding,Other,Phone,2026-01-06 17:00:00,2026-01-06 18:11:12.730000,0.05,Y,Y,5,Southeast,2026-01-01
CASE900143,IND100011,1GC924410660622,Infotainment,App Not Working,Mobile App,2026-01-14 21:00:00,2026-01-15 11:33:35.987819,0.61,Y,Y,3,Northeast,2026-01-01
CASE900144,IND100047,1GC359495293536,OnBoarding,BBWC,Phone,2026-01-15 05:00:00,2026-01-16 18:30:42.984689,1.56,N,N,5,West,2026-01-01
CASE900145,IND100117,1GC747516660355,OnBoarding,Hardware Replacement,Phone,2026-01-19 19:00:00,2026-01-21 01:58:59.188606,1.29,N,Y,3,Midwest,2026-01-01
CASE900146,IND100085,1GC181043074697,Infotainment,App Not Working,Phone,2026-01-11 08:00:00,2026-01-11 08:34:58.484999,0.02,Y,N,4,Northeast,2026-01-01
CASE900147,IND100007,1GC693480371222,WiFi,No / Slow Internet,Phone,2026-01-26 18:00:00,2026-01-27 15:05:04.054483,0.88,Y,Y,5,Northeast,2026-01-01
CASE900148,IND100092,1GC501540648016,WiFi,No / Slow Internet,Phone,2026-01-17 05:00:00,2026-01-18 09:13:32.564755,1.18,N,Y,3,West,2026-01-01
CASE900149,IND100041,1GC849410376451,WiFi,Hotspot: Data Not Shared / Disabled,Phone,2026-01-26 07:00:00,2026-01-27 06:57:12.081406,1.0,Y,Y,3,West,2026-01-01
CASE900150,IND100069,1GC493045650308,Infotainment,App Not Working,Phone,2026-01-07 07:00:00,2026-01-07 23:27:40.902274,0.69,Y,N,4,Southeast,2026-01-01
CASE900151,IND100053,1GC698365770932,WiFi,No / Slow Internet,Chat,2026-01-25 10:00:00,2026-01-25 16:29:30.840659,0.27,Y,Y,3,Northeast,2026-01-01
CASE900152,IND100108,1GC186751865938,Infotainment,App Not Working,Phone,2026-01-18 21:00:00,2026-01-19 04:19:28.276862,0.31,Y,Y,3,Northeast,2026-01-01
CASE900153,IND100118,1GC488883735797,Infotainment,App Not Working,IVR,2026-01-20 10:00:00,2026-01-20 22:24:36.373692,0.52,Y,Y,4,West,2026-01-01
CASE900154,IND100065,1GC598221460591,WiFi,Other,Phone,2026-01-18 23:00:00,2026-01-19 08:00:57.850510,0.38,Y,Y,5,Southeast,2026-01-01
CASE900155,IND100028,1GC902509539628,OnBoarding,Enroll Vehicle,Dealer,2026-01-04 15:00:00,2026-01-04 21:53:46.049581,0.29,Y,N,3,Southeast,2026-01-01
CASE900156,IND100006,1GC353110405454,OnBoarding,Enroll Vehicle,Mobile App,2026-01-22 17:00:00,2026-01-24 06:28:25.946015,1.56,N,Y,5,Southeast,2026-01-01
CASE900157,IND100043,1GC381129977243,OnBoarding,Enroll Vehicle,Phone,2026-01-27 12:00:00,2026-01-27 19:27:58.233679,0.31,Y,Y,3,Midwest,2026-01-01
CASE900158,IND100016,1GC599126308313,Infotainment,On Screen Messages,Chat,2026-01-21 10:00:00,2026-01-22 22:16:43.893426,1.51,N,Y,4,Midwest,2026-01-01
CASE900159,IND100003,1GC727631226152,OnBoarding,Enroll Vehicle,Chat,2026-01-24 04:00:00,2026-01-27 06:29:20.148452,3.1,N,Y,4,Southwest,2026-01-01
CASE900160,IND100106,1GC504425351928,WiFi,No / Slow Internet,Mobile App,2026-01-04 05:00:00,2026-01-05 10:11:58.499847,1.22,N,Y,5,Southwest,2026-01-01
CASE900161,IND100054,1GC734648840762,OnBoarding,Other,Chat,2026-01-26 18:00:00,2026-01-27 14:59:34.671804,0.87,Y,N,3,Southwest,2026-01-01
CASE900162,IND100028,1GC902509539628,WiFi,Hotspot: SSID and Password,Chat,2026-01-15 16:00:00,2026-01-16 03:11:10.426997,0.47,Y,Y,2,Southeast,2026-01-01
CASE900163,IND100138,1GC804461704524,OnBoarding,Enroll Vehicle,Phone,2026-01-12 20:00:00,2026-01-12 23:19:35.281821,0.14,Y,Y,5,Midwest,2026-01-01
CASE900164,IND100025,1GC275174837066,OnBoarding,Other,Phone,2026-01-10 12:00:00,2026-01-16 05:08:09.907448,5.71,N,Y,5,Southwest,2026-01-01
CASE900165,IND100049,1GC225777235248,WiFi,Hotspot: Data Not Shared / Disabled,Mobile App,2026-02-13 16:00:00,2026-02-13 22:38:57.449964,0.28,Y,N,5,Southwest,2026-02-01
CASE900166,IND100116,1GC782667576850,OnBoarding,Other,Phone,2026-02-27 23:00:00,2026-02-28 12:45:52.372393,0.57,Y,Y,4,Southeast,2026-02-01
CASE900167,IND100043,1GC381129977243,WiFi,No / Slow Internet,Dealer,2026-02-18 13:00:00,2026-02-20 03:38:24.772023,1.61,N,Y,5,Midwest,2026-02-01
CASE900168,IND100001,1GC906544694654,Infotainment,On Screen Messages,Phone,2026-02-06 07:00:00,2026-02-06 09:10:29.607562,0.09,Y,Y,4,Northeast,2026-02-01
CASE900169,IND100147,1GC568605162223,Infotainment,DIC (Driver Information Center),Chat,2026-02-21 23:00:00,2026-02-22 13:52:26.030640,0.62,Y,N,4,West,2026-02-01
CASE900170,IND100003,1GC598632529184,Infotainment,App Not Working,Phone,2026-02-07 20:00:00,2026-02-08 18:11:46.425392,0.92,Y,N,3,Southwest,2026-02-01
CASE900171,IND100089,1GC550940297592,WiFi,Hotspot: SSID and Password,IVR,2026-02-25 07:00:00,2026-02-25 10:48:18.817447,0.16,Y,N,4,West,2026-02-01
CASE900172,IND100134,1GC631823942332,OnBoarding,Hardware Replacement,IVR,2026-02-09 22:00:00,2026-02-10 20:44:10.660430,0.95,Y,N,5,Southeast,2026-02-01
CASE900173,IND100004,1GC197718167021,OnBoarding,Enroll Vehicle,Phone,2026-02-20 11:00:00,2026-02-21 06:52:24.070970,0.83,Y,Y,3,Midwest,2026-02-01
CASE900174,IND100050,1GC279917382227,OnBoarding,Other,Phone,2026-02-06 15:00:00,2026-02-07 11:03:22.145430,0.84,Y,Y,5,Southeast,2026-02-01
CASE900175,IND100018,1GC385425003540,WiFi,No / Slow Internet,Chat,2026-02-13 04:00:00,2026-02-13 16:49:06.856863,0.53,Y,Y,4,West,2026-02-01
CASE900176,IND100022,1GC330368581510,OnBoarding,Enroll Vehicle,Phone,2026-02-02 20:00:00,2026-02-04 19:08:24.358989,1.96,N,Y,4,Southwest,2026-02-01
CASE900177,IND100061,1GC523986585528,OnBoarding,Other,Dealer,2026-02-12 00:00:00,2026-02-12 06:40:22.665423,0.28,Y,Y,4,West,2026-02-01
CASE900178,IND100036,1GC216929354801,OnBoarding,Hardware Replacement,Phone,2026-02-23 13:00:00,2026-02-23 16:19:22.165304,0.14,Y,N,4,Northeast,2026-02-01
CASE900179,IND100144,1GC526140460950,WiFi,Hotspot: SSID and Password,Dealer,2026-02-27 13:00:00,2026-02-27 16:07:20.049957,0.13,Y,Y,5,West,2026-02-01
CASE900180,IND100018,1GC844868054792,OnBoarding,Other,Phone,2026-02-12 15:00:00,2026-02-13 08:52:08.882479,0.74,Y,Y,3,West,2026-02-01
CASE900181,IND100145,1GC340278096782,WiFi,No / Slow Internet,Phone,2026-02-24 06:00:00,2026-02-25 09:35:39.408823,1.15,N,Y,5,Midwest,2026-02-01
CASE900182,IND100129,1GC628880114959,Infotainment,DIC (Driver Information Center),IVR,2026-02-26 22:00:00,2026-02-27 21:18:14.873199,0.97,Y,Y,4,Northeast,2026-02-01
CASE900183,IND100008,1GC215302269407,OnBoarding,BBWC,Phone,2026-02-12 20:00:00,2026-02-14 14:19:04.198728,1.76,N,N,5,Southeast,2026-02-01
CASE900184,IND100068,1GC127736051111,OnBoarding,BBWC,Mobile App,2026-02-19 10:00:00,2026-02-20 17:48:59.292846,1.33,N,N,5,West,2026-02-01
CASE900185,IND100072,1GC868062765940,WiFi,No / Slow Internet,Phone,2026-02-24 08:00:00,2026-02-24 15:35:36.089886,0.32,Y,Y,4,Southeast,2026-02-01
CASE900186,IND100084,1GC120440865820,OnBoarding,Other,Chat,2026-02-22 11:00:00,2026-02-23 00:24:07.326309,0.56,Y,Y,5,Northeast,2026-02-01
CASE900187,IND100044,1GC849033821254,OnBoarding,BBWC,Chat,2026-02-02 12:00:00,2026-02-02 23:35:01.451571,0.48,Y,Y,3,Midwest,2026-02-01
CASE900188,IND100138,1GC804461704524,WiFi,Hotspot: SSID and Password,Phone,2026-02-10 17:00:00,2026-02-11 03:08:57.053012,0.42,Y,Y,4,Midwest,2026-02-01
CASE900189,IND100144,1GC526140460950,WiFi,Hotspot: Data Not Shared / Disabled,Mobile App,2026-02-18 05:00:00,2026-02-20 09:23:36.874515,2.18,N,Y,4,West,2026-02-01
CASE900190,IND100105,1GC745201170242,OnBoarding,Enroll Vehicle,Phone,2026-02-06 00:00:00,2026-02-08 04:45:32.813005,2.2,N,Y,3,Southeast,2026-02-01
CASE900191,IND100040,1GC493436726984,OnBoarding,Enroll Vehicle,Chat,2026-02-11 20:00:00,2026-02-11 23:15:40.679309,0.14,Y,Y,1,Southwest,2026-02-01
CASE900192,IND100038,1GC304218414145,Infotainment,App Not Working,IVR,2026-02-15 11:00:00,2026-02-16 11:25:14.345078,1.02,N,Y,4,Southwest,2026-02-01
CASE900193,IND100074,1GC152472467520,Infotainment,App Not Working,Mobile App,2026-02-23 12:00:00,2026-02-24 01:52:43.895964,0.58,Y,Y,5,Southwest,2026-02-01
CASE900194,IND100007,1GC807457874748,OnBoarding,BBWC,Phone,2026-02-18 06:00:00,2026-02-18 06:28:48.000000,0.02,Y,Y,3,Northeast,2026-02-01
CASE900195,IND100071,1GC467675779351,WiFi,No / Slow Internet,IVR,2026-02-21 06:00:00,2026-02-21 23:33:46.776581,0.73,Y,N,5,Southeast,2026-02-01
CASE900196,IND100021,1GC563551416308,Infotainment,App Not Working,Mobile App,2026-02-24 03:00:00,2026-02-25 05:26:29.511534,1.1,N,Y,4,Southeast,2026-02-01
CASE900197,IND100057,1GC611867076357,WiFi,No / Slow Internet,Phone,2026-02-26 22:00:00,2026-02-26 22:42:54.734808,0.03,Y,Y,5,Northeast,2026-02-01
CASE900198,IND100102,1GC339282965313,OnBoarding,BBWC,Dealer,2026-02-12 03:00:00,2026-02-12 03:49:00.227840,0.03,Y,N,4,West,2026-02-01
CASE900199,IND100037,1GC528134433602,OnBoarding,BBWC,Mobile App,2026-02-13 10:00:00,2026-02-17 22:46:21.562598,4.53,N,Y,4,Southeast,2026-02-01
CASE900200,IND100005,1GC978060116472,OnBoarding,BBWC,Chat,2026-02-01 05:00:00,2026-02-01 09:29:34.798731,0.19,Y,Y,4,West,2026-02-01
CASE900201,IND100042,1GC730238591801,OnBoarding,Enroll Vehicle,Phone,2026-02-11 16:00:00,2026-02-12 08:27:23.030687,0.69,Y,Y,5,Northeast,2026-02-01
CASE900202,IND100033,1GC433413735431,Infotainment,DIC (Driver Information Center),Phone,2026-02-17 02:00:00,2026-02-18 11:44:25.991643,1.41,N,N,4,Midwest,2026-02-01
CASE900203,IND100053,1GC698365770932,WiFi,Other,Chat,2026-02-23 02:00:00,2026-02-24 03:56:15.341706,1.08,N,Y,5,Northeast,2026-02-01
CASE900204,IND100001,1GC494990595776,OnBoarding,Hardware Replacement,Mobile App,2026-02-09 14:00:00,2026-02-10 00:23:04.018179,0.43,Y,Y,2,Northeast,2026-02-01
CASE900205,IND100024,1GC800545147365,OnBoarding,Other,Chat,2026-02-09 03:00:00,2026-02-09 05:35:44.055188,0.11,Y,Y,4,Midwest,2026-02-01
CASE900206,IND100145,1GC340278096782,WiFi,Hotspot: Data Not Shared / Disabled,Mobile App,2026-02-14 02:00:00,2026-02-14 15:07:44.411105,0.55,Y,Y,3,Midwest,2026-02-01
CASE900207,IND100009,1GC791782742725,WiFi,No / Slow Internet,Phone,2026-02-06 10:00:00,2026-02-07 14:46:14.144413,1.2,N,Y,3,West,2026-02-01
CASE900208,IND100052,1GC808231939751,OnBoarding,Enroll Vehicle,Phone,2026-02-15 19:00:00,2026-02-17 04:24:01.813112,1.39,N,Y,5,Southeast,2026-02-01
CASE900209,IND100039,1GC702832595213,OnBoarding,Other,Phone,2026-02-10 08:00:00,2026-02-11 09:43:41.075860,1.07,N,Y,4,West,2026-02-01
CASE900210,IND100058,1GC225817298314,Infotainment,App Not Working,Mobile App,2026-02-07 23:00:00,2026-02-08 16:10:43.494370,0.72,Y,Y,3,Midwest,2026-02-01
CASE900211,IND100050,1GC279917382227,OnBoarding,BBWC,Phone,2026-02-17 21:00:00,2026-02-18 20:19:21.138663,0.97,Y,Y,4,Southeast,2026-02-01
CASE900212,IND100028,1GC902509539628,OnBoarding,Other,Phone,2026-02-16 08:00:00,2026-02-16 09:18:17.139760,0.05,Y,Y,5,Southeast,2026-02-01
CASE900213,IND100008,1GC754295152857,OnBoarding,Other,Mobile App,2026-02-25 22:00:00,2026-02-26 08:15:22.943807,0.43,Y,Y,4,Southeast,2026-02-01
CASE900214,IND100028,1GC902509539628,OnBoarding,Other,Chat,2026-02-11 15:00:00,2026-02-11 22:31:10.247391,0.31,Y,Y,3,Southeast,2026-02-01
CASE900215,IND100028,1GC238860542860,OnBoarding,Other,Mobile App,2026-02-09 17:00:00,2026-02-10 02:35:12.139756,0.4,Y,N,4,Southeast,2026-02-01
CASE900216,IND100116,1GC782667576850,OnBoarding,Other,Phone,2026-02-05 18:00:00,2026-02-07 23:31:17.896285,2.23,N,N,4,Southeast,2026-02-01
CASE900217,IND100065,1GC598221460591,OnBoarding,Other,Chat,2026-02-17 23:00:00,2026-02-18 17:27:59.759107,0.77,Y,N,4,Southeast,2026-02-01
CASE900218,IND100104,1GC800875813568,OnBoarding,Other,Phone,2026-02-07 06:00:00,2026-02-07 19:04:40.078859,0.54,Y,Y,3,Southeast,2026-02-01
CASE900219,IND100133,1GC412182824081,WiFi,No / Slow Internet,Phone,2026-02-03 08:00:00,2026-02-03 14:24:50.296477,0.27,Y,Y,3,West,2026-02-01
CASE900220,IND100061,1GC523986585528,WiFi,No / Slow Internet,Mobile App,2026-02-01 00:00:00,2026-02-01 02:51:22.796937,0.12,Y,Y,4,West,2026-02-01
CASE900221,IND100066,1GC603286444670,WiFi,No / Slow Internet,Chat,2026-02-19 20:00:00,2026-02-20 07:32:28.861126,0.48,Y,Y,3,Southeast,2026-02-01
CASE900222,IND100019,1GC668497959209,Infotainment,App Not Working,Phone,2026-02-25 18:00:00,2026-02-26 13:36:09.153356,0.82,Y,Y,4,Northeast,2026-02-01
CASE900223,IND100040,1GC493436726984,WiFi,No / Slow Internet,Dealer,2026-02-06 22:00:00,2026-02-07 05:46:42.131151,0.32,Y,Y,3,Southwest,2026-02-01
CASE900224,IND100057,1GC611867076357,OnBoarding,Enroll Vehicle,Chat,2026-02-07 22:00:00,2026-02-08 08:45:16.011132,0.45,Y,Y,4,Northeast,2026-02-01
CASE900225,IND100030,1GC770285940316,OnBoarding,Enroll Vehicle,Mobile App,2026-02-18 03:00:00,2026-02-18 04:15:32.299579,0.05,Y,Y,5,Midwest,2026-02-01
CASE900226,IND100036,1GC216929354801,OnBoarding,Other,Phone,2026-02-07 14:00:00,2026-02-07 17:57:24.642900,0.16,Y,Y,4,Northeast,2026-02-01
CASE900227,IND100095,1GC667254333806,OnBoarding,Other,Dealer,2026-02-14 14:00:00,2026-02-14 23:04:35.566104,0.38,Y,N,4,Midwest,2026-02-01
CASE900228,IND100058,1GC225817298314,OnBoarding,Other,Phone,2026-02-17 18:00:00,2026-02-17 20:15:28.468670,0.09,Y,Y,3,Midwest,2026-02-01
CASE900229,IND100078,1GC601328937106,WiFi,No / Slow Internet,Dealer,2026-02-22 12:00:00,2026-02-22 21:17:24.526836,0.39,Y,Y,4,West,2026-02-01
CASE900230,IND100023,1GC903809009189,OnBoarding,Enroll Vehicle,Phone,2026-02-07 05:00:00,2026-02-08 02:01:38.156155,0.88,Y,N,5,Midwest,2026-02-01
CASE900231,IND100027,1GC139423389208,Infotainment,App Not Working,Chat,2026-02-27 03:00:00,2026-02-28 19:58:34.498294,1.71,N,Y,5,West,2026-02-01
CASE900232,IND100098,1GC206205311908,Infotainment,On Screen Messages,Phone,2026-02-08 01:00:00,2026-02-09 09:26:30.566407,1.35,N,Y,4,Southwest,2026-02-01
CASE900233,IND100098,1GC206205311908,WiFi,No / Slow Internet,Mobile App,2026-02-12 03:00:00,2026-02-14 04:54:08.106676,2.08,N,Y,4,Southwest,2026-02-01
CASE900234,IND100067,1GC373555088256,OnBoarding,BBWC,IVR,2026-02-08 09:00:00,2026-02-08 16:10:04.616441,0.3,Y,Y,5,Midwest,2026-02-01
CASE900235,IND100061,1GC523986585528,WiFi,No / Slow Internet,Chat,2026-02-03 08:00:00,2026-02-03 23:22:47.912094,0.64,Y,Y,4,West,2026-02-01
CASE900236,IND100014,1GC499072778944,Infotainment,Other,Phone,2026-02-12 12:00:00,2026-02-12 18:23:24.282456,0.27,Y,Y,4,Southeast,2026-02-01
CASE900237,IND100141,1GC541636294918,WiFi,Hotspot: SSID and Password,Dealer,2026-02-13 08:00:00,2026-02-14 17:35:26.730790,1.4,N,N,3,Northeast,2026-02-01
CASE900238,IND100121,1GC684861941398,WiFi,No / Slow Internet,Phone,2026-02-01 21:00:00,2026-02-02 07:24:02.905500,0.43,Y,Y,4,Midwest,2026-02-01
CASE900239,IND100110,1GC510198660849,Infotainment,DIC (Driver Information Center),IVR,2026-02-10 04:00:00,2026-02-10 14:42:34.614844,0.45,Y,Y,5,West,2026-02-01
CASE900240,IND100146,1GC398412097607,OnBoarding,Other,Phone,2026-02-21 22:00:00,2026-02-22 09:05:09.315059,0.46,Y,Y,3,Southeast,2026-02-01
CASE900241,IND100009,1GC505347344105,OnBoarding,Enroll Vehicle,Dealer,2026-02-16 01:00:00,2026-02-17 02:19:21.945763,1.06,N,N,4,West,2026-02-01
CASE900242,IND100118,1GC488883735797,WiFi,No / Slow Internet,Phone,2026-02-06 07:00:00,2026-02-07 04:35:02.128742,0.9,Y,Y,3,West,2026-02-01
CASE900243,IND100085,1GC181043074697,Infotainment,App Not Working,IVR,2026-02-20 14:00:00,2026-02-21 04:01:32.770496,0.58,Y,Y,3,Northeast,2026-02-01
CASE900244,IND100139,1GC174456999930,Infotainment,DIC (Driver Information Center),Phone,2026-02-14 14:00:00,2026-02-15 12:19:42.835059,0.93,Y,Y,5,West,2026-02-01
CASE900245,IND100010,1GC196966851360,WiFi,Hotspot: SSID and Password,Chat,2026-02-10 00:00:00,2026-02-10 02:54:52.864882,0.12,Y,Y,2,Southwest,2026-02-01
CASE900246,IND100090,1GC237080892441,Infotainment,DIC (Driver Information Center),Phone,2026-02-04 20:00:00,2026-02-05 02:46:29.702050,0.28,Y,N,5,Southwest,2026-02-01
CASE900247,IND100074,1GC152472467520,OnBoarding,Hardware Replacement,Phone,2026-02-23 15:00:00,2026-02-25 00:29:56.138123,1.4,N,Y,3,Southwest,2026-02-01
CASE900248,IND100003,1GC727631226152,WiFi,No / Slow Internet,Phone,2026-02-14 23:00:00,2026-02-16 08:31:02.261941,1.4,N,Y,5,Southwest,2026-02-01
CASE900249,IND100095,1GC667254333806,Infotainment,Other,Chat,2026-02-09 00:00:00,2026-02-09 08:08:32.525060,0.34,Y,Y,3,Midwest,2026-02-01
CASE900250,IND100029,1GC714744057917,WiFi,No / Slow Internet,Phone,2026-02-19 02:00:00,2026-02-20 21:09:49.683545,1.8,N,N,5,West,2026-02-01
CASE900251,IND100008,1GC754295152857,WiFi,No / Slow Internet,Phone,2026-02-19 04:00:00,2026-02-19 13:08:38.296901,0.38,Y,Y,4,Southeast,2026-02-01
CASE900252,IND100027,1GC139423389208,Infotainment,App Not Working,IVR,2026-02-02 17:00:00,2026-02-02 23:48:56.722491,0.28,Y,N,5,West,2026-02-01
CASE900253,IND100013,1GC840485451942,OnBoarding,Enroll Vehicle,Phone,2026-02-07 09:00:00,2026-02-07 09:56:04.504325,0.04,Y,Y,3,Northeast,2026-02-01
CASE900254,IND100078,1GC601328937106,WiFi,No / Slow Internet,Phone,2026-02-03 10:00:00,2026-02-04 17:05:47.185728,1.3,N,Y,5,West,2026-02-01
CASE900255,IND100086,1GC750123415536,OnBoarding,Enroll Vehicle,Mobile App,2026-02-01 21:00:00,2026-02-02 14:59:08.740056,0.75,Y,Y,5,Midwest,2026-02-01
CASE900256,IND100126,1GC396875091099,WiFi,No / Slow Internet,Phone,2026-02-12 15:00:00,2026-02-13 05:47:49.171682,0.62,Y,Y,3,Midwest,2026-02-01
CASE900257,IND100101,1GC729736420428,OnBoarding,Hardware Replacement,Dealer,2026-02-02 12:00:00,2026-02-02 17:49:53.810339,0.24,Y,Y,4,Southeast,2026-02-01
CASE900258,IND100007,1GC807457874748,WiFi,Hotspot: SSID and Password,Chat,2026-02-22 10:00:00,2026-02-22 19:08:41.334151,0.38,Y,Y,5,Northeast,2026-02-01
CASE900259,IND100135,1GC120523483926,OnBoarding,Other,Phone,2026-02-09 14:00:00,2026-02-09 15:37:01.244819,0.07,Y,Y,5,Southeast,2026-02-01
CASE900260,IND100023,1GC903809009189,Infotainment,Other,Dealer,2026-02-25 03:00:00,2026-02-25 17:26:48.086529,0.6,Y,N,4,Midwest,2026-02-01
CASE900261,IND100088,1GC245144601130,OnBoarding,Enroll Vehicle,Mobile App,2026-02-25 13:00:00,2026-02-26 15:45:08.437054,1.11,N,N,3,Southwest,2026-02-01
CASE900262,IND100032,1GC393242822324,Infotainment,DIC (Driver Information Center),Chat,2026-02-11 22:00:00,2026-02-11 23:04:30.862835,0.04,Y,Y,2,Midwest,2026-02-01
CASE900263,IND100035,1GC270524223175,WiFi,Hotspot: SSID and Password,Mobile App,2026-02-18 10:00:00,2026-02-19 09:19:06.014277,0.97,Y,Y,3,Northeast,2026-02-01
CASE900264,IND100057,1GC611867076357,WiFi,Hotspot: SSID and Password,Mobile App,2026-02-08 20:00:00,2026-02-09 02:58:50.082476,0.29,Y,Y,4,Northeast,2026-02-01
CASE900265,IND100016,1GC599126308313,OnBoarding,Enroll Vehicle,Phone,2026-02-02 23:00:00,2026-02-03 00:29:14.774105,0.06,Y,Y,4,Midwest,2026-02-01
CASE900266,IND100124,1GC137452756475,OnBoarding,Other,Phone,2026-02-10 03:00:00,2026-02-10 04:38:13.996550,0.07,Y,Y,5,Midwest,2026-02-01
CASE900267,IND100071,1GC467675779351,OnBoarding,Hardware Replacement,Phone,2026-02-23 20:00:00,2026-02-23 20:44:21.445657,0.03,Y,Y,3,Southeast,2026-02-01
CASE900268,IND100026,1GC520048903353,OnBoarding,Enroll Vehicle,Phone,2026-02-10 14:00:00,2026-02-11 02:27:55.171203,0.52,Y,Y,4,Northeast,2026-02-01
CASE900269,IND100137,1GC534073093248,OnBoarding,Enroll Vehicle,Phone,2026-02-20 15:00:00,2026-02-22 05:23:27.742316,1.6,N,Y,5,West,2026-02-01
CASE900270,IND100002,1GC226224180098,OnBoarding,Other,Mobile App,2026-02-09 09:00:00,2026-02-13 09:00:23.535135,4.0,N,Y,4,Northeast,2026-02-01
CASE900271,IND100012,1GC679478608071,OnBoarding,Other,IVR,2026-02-15 15:00:00,2026-02-16 07:22:11.541340,0.68,Y,Y,4,Southeast,2026-02-01
CASE900272,IND100051,1GC106626042775,OnBoarding,Hardware Replacement,Dealer,2026-02-23 09:00:00,2026-02-23 12:54:25.686982,0.16,Y,N,5,Northeast,2026-02-01
CASE900273,IND100116,1GC782667576850,OnBoarding,Enroll Vehicle,Phone,2026-02-11 18:00:00,2026-02-13 22:41:52.190591,2.2,N,N,4,Southeast,2026-02-01
CASE900274,IND100012,1GC679478608071,OnBoarding,Other,Phone,2026-02-18 12:00:00,2026-02-19 18:16:26.780050,1.26,N,N,5,Southeast,2026-02-01
CASE900275,IND100122,1GC175999889025,OnBoarding,Enroll Vehicle,Mobile App,2026-02-25 18:00:00,2026-02-26 04:37:54.829800,0.44,Y,Y,5,Southeast,2026-02-01
CASE900276,IND100052,1GC808231939751,OnBoarding,Other,Chat,2026-02-26 05:00:00,2026-02-26 10:39:59.790368,0.24,Y,Y,3,Southeast,2026-02-01
CASE900277,IND100101,1GC729736420428,WiFi,No / Slow Internet,Mobile App,2026-02-09 07:00:00,2026-02-10 03:55:09.914726,0.87,Y,Y,4,Southeast,2026-02-01
CASE900278,IND100021,1GC419073371316,WiFi,No / Slow Internet,Phone,2026-02-15 09:00:00,2026-02-16 03:54:19.901320,0.79,Y,N,4,Southeast,2026-02-01
CASE900279,IND100131,1GC932608106538,OnBoarding,Other,Chat,2026-02-19 07:00:00,2026-02-19 12:58:29.263682,0.25,Y,Y,3,Southeast,2026-02-01
CASE900280,IND100007,1GC807457874748,WiFi,Hotspot: Data Not Shared / Disabled,Phone,2026-02-10 23:00:00,2026-02-12 07:50:23.169171,1.37,N,N,4,Northeast,2026-02-01
CASE900281,IND100069,1GC493045650308,Infotainment,On Screen Messages,Phone,2026-02-09 19:00:00,2026-02-12 15:33:22.546449,2.86,N,Y,4,Southeast,2026-02-01
CASE900282,IND100066,1GC603286444670,OnBoarding,Enroll Vehicle,IVR,2026-02-20 06:00:00,2026-02-23 14:19:11.799047,3.35,N,Y,4,Southeast,2026-02-01
CASE900283,IND100016,1GC599126308313,Infotainment,Other,Phone,2026-02-05 19:00:00,2026-02-07 00:33:34.770697,1.23,N,N,3,Midwest,2026-02-01
CASE900284,IND100119,1GC664577956631,OnBoarding,Other,Phone,2026-02-13 01:00:00,2026-02-13 16:48:04.536859,0.66,Y,N,5,Midwest,2026-02-01
CASE900285,IND100001,1GC494990595776,WiFi,No / Slow Internet,Mobile App,2026-02-01 15:00:00,2026-02-01 21:58:35.448765,0.29,Y,Y,5,Northeast,2026-02-01
CASE900286,IND100053,1GC698365770932,OnBoarding,BBWC,Phone,2026-02-02 07:00:00,2026-02-02 08:05:52.993438,0.05,Y,Y,3,Northeast,2026-02-01
CASE900287,IND100145,1GC340278096782,Infotainment,App Not Working,Phone,2026-02-22 04:00:00,2026-02-23 05:57:18.132343,1.08,N,Y,5,Midwest,2026-02-01
CASE900288,IND100136,1GC962703291916,Infotainment,App Not Working,Dealer,2026-02-01 02:00:00,2026-02-01 03:46:09.515403,0.07,Y,N,4,West,2026-02-01
CASE900289,IND100000,1GC796560443699,WiFi,No / Slow Internet,Mobile App,2026-02-17 09:00:00,2026-02-18 04:16:53.702240,0.8,Y,Y,4,Midwest,2026-02-01
CASE900290,IND100063,1GC788498971673,Infotainment,App Not Working,Phone,2026-02-07 21:00:00,2026-02-08 09:37:01.919259,0.53,Y,Y,4,Midwest,2026-02-01
CASE900291,IND100023,1GC942439213043,WiFi,No / Slow Internet,Phone,2026-02-13 15:00:00,2026-02-16 11:57:42.623008,2.87,N,Y,5,Midwest,2026-02-01
CASE900292,IND100081,1GC465748175295,OnBoarding,Enroll Vehicle,Phone,2026-02-03 15:00:00,2026-02-04 00:42:44.324183,0.4,Y,N,4,West,2026-02-01
CASE900293,IND100096,1GC425631349497,WiFi,No / Slow Internet,Phone,2026-02-12 03:00:00,2026-02-12 18:41:01.795556,0.65,Y,Y,3,Northeast,2026-02-01
CASE900294,IND100003,1GC598632529184,WiFi,Other,Dealer,2026-02-25 22:00:00,2026-02-26 03:32:45.055484,0.23,Y,Y,5,Southwest,2026-02-01
CASE900295,IND100055,1GC802656127918,OnBoarding,Other,Phone,2026-02-23 08:00:00,2026-02-25 04:45:25.006313,1.86,N,Y,3,Southeast,2026-02-01
CASE900296,IND100016,1GC599126308313,WiFi,Hotspot: SSID and Password,Chat,2026-02-26 15:00:00,2026-02-28 03:29:59.569546,1.52,N,Y,5,Midwest,2026-02-01
CASE900297,IND100098,1GC206205311908,OnBoarding,Enroll Vehicle,Phone,2026-02-21 16:00:00,2026-02-22 02:54:27.464540,0.45,Y,Y,3,Southwest,2026-02-01
CASE900298,IND100051,1GC106626042775,OnBoarding,Other,Phone,2026-02-24 20:00:00,2026-02-25 05:43:00.328338,0.4,Y,N,5,Northeast,2026-02-01
CASE900299,IND100054,1GC734648840762,WiFi,No / Slow Internet,Mobile App,2026-02-08 04:00:00,2026-02-08 22:03:34.017398,0.75,Y,Y,4,Southwest,2026-02-01
CASE900300,IND100011,1GC934088489962,Infotainment,Other,Phone,2026-02-04 19:00:00,2026-02-05 09:08:48.263900,0.59,Y,Y,5,Northeast,2026-02-01
CASE900301,IND100003,1GC727631226152,OnBoarding,Other,Phone,2026-02-07 20:00:00,2026-02-09 12:42:43.718115,1.7,N,Y,3,Southwest,2026-02-01
CASE900302,IND100080,1GC697882186293,OnBoarding,BBWC,Chat,2026-02-26 04:00:00,2026-02-26 06:33:11.722849,0.11,Y,Y,5,Southwest,2026-02-01
CASE900303,IND100102,1GC339282965313,OnBoarding,Other,Dealer,2026-02-16 00:00:00,2026-02-16 10:22:12.265326,0.43,Y,Y,5,West,2026-02-01
CASE900304,IND100026,1GC491587354002,OnBoarding,Other,Chat,2026-02-15 09:00:00,2026-02-17 07:45:19.627229,1.95,N,Y,4,Northeast,2026-02-01
CASE900305,IND100012,1GC679478608071,OnBoarding,Hardware Replacement,Mobile App,2026-02-15 10:00:00,2026-02-17 04:53:23.151981,1.79,N,Y,4,Southeast,2026-02-01
CASE900306,IND100006,1GC353110405454,OnBoarding,Other,Phone,2026-02-07 03:00:00,2026-02-07 07:55:07.591283,0.2,Y,Y,3,Southeast,2026-02-01
CASE900307,IND100079,1GC805508388194,OnBoarding,Other,Mobile App,2026-02-05 14:00:00,2026-02-05 14:28:48.000000,0.02,Y,N,3,Midwest,2026-02-01
CASE900308,IND100042,1GC730238591801,WiFi,No / Slow Internet,Phone,2026-02-12 17:00:00,2026-02-13 13:57:39.637170,0.87,Y,Y,4,Northeast,2026-02-01
CASE900309,IND100032,1GC393242822324,OnBoarding,Enroll Vehicle,Mobile App,2026-02-14 01:00:00,2026-02-14 12:01:30.792677,0.46,Y,N,4,Midwest,2026-02-01
CASE900310,IND100147,1GC568605162223,OnBoarding,Enroll Vehicle,Phone,2026-02-07 18:00:00,2026-02-08 00:42:54.065921,0.28,Y,N,5,West,2026-02-01
CASE900311,IND100104,1GC800875813568,OnBoarding,Enroll Vehicle,Dealer,2026-02-06 08:00:00,2026-02-07 05:07:04.970592,0.88,Y,N,4,Southeast,2026-02-01
CASE900312,IND100133,1GC412182824081,OnBoarding,Hardware Replacement,Phone,2026-02-12 12:00:00,2026-02-13 03:33:05.065071,0.65,Y,Y,4,West,2026-02-01
CASE900313,IND100002,1GC872738127919,Infotainment,On Screen Messages,Dealer,2026-02-10 15:00:00,2026-02-11 05:33:39.138637,0.61,Y,Y,3,Northeast,2026-02-01
CASE900314,IND100112,1GC375360961735,OnBoarding,Other,Phone,2026-02-25 13:00:00,2026-02-28 04:06:30.292620,2.63,N,N,5,Midwest,2026-02-01
CASE900315,IND100029,1GC714744057917,WiFi,No / Slow Internet,Phone,2026-02-21 14:00:00,2026-02-21 18:23:28.857096,0.18,Y,Y,4,West,2026-02-01
CASE900316,IND100045,1GC824287921746,Infotainment,Other,Mobile App,2026-02-15 02:00:00,2026-02-15 12:05:56.665402,0.42,Y,Y,5,Southwest,2026-02-01
CASE900317,IND100019,1GC668497959209,Infotainment,Other,Phone,2026-02-19 20:00:00,2026-02-19 21:46:06.862819,0.07,Y,Y,4,Northeast,2026-02-01
CASE900318,IND100016,1GC599126308313,OnBoarding,Hardware Replacement,Chat,2026-02-12 19:00:00,2026-02-13 11:03:19.939044,0.67,Y,N,5,Midwest,2026-02-01
CASE900319,IND100012,1GC307192591805,Infotainment,App Not Working,Dealer,2026-02-27 16:00:00,2026-02-27 18:22:37.804182,0.1,Y,N,3,Southeast,2026-02-01
CASE900320,IND100132,1GC622955025729,WiFi,Other,Dealer,2026-02-21 07:00:00,2026-02-21 08:37:42.324694,0.07,Y,N,4,West,2026-02-01
CASE900321,IND100011,1GC934088489962,WiFi,No / Slow Internet,Dealer,2026-02-12 21:00:00,2026-02-12 22:45:30.138287,0.07,Y,Y,4,Northeast,2026-02-01
CASE900322,IND100088,1GC245144601130,WiFi,Other,Phone,2026-02-26 21:00:00,2026-02-28 01:07:44.984696,1.17,N,Y,4,Southwest,2026-02-01
CASE900323,IND100110,1GC510198660849,OnBoarding,Hardware Replacement,Phone,2026-02-09 21:00:00,2026-02-11 14:49:32.810356,1.74,N,N,5,West,2026-02-01
CASE900324,IND100041,1GC849410376451,Infotainment,DIC (Driver Information Center),Phone,2026-02-01 18:00:00,2026-02-03 07:50:49.136425,1.58,N,Y,4,West,2026-02-01
CASE900325,IND100068,1GC127736051111,OnBoarding,Hardware Replacement,Dealer,2026-02-12 05:00:00,2026-02-12 07:34:16.693439,0.11,Y,N,5,West,2026-02-01
CASE900326,IND100123,1GC474226661953,OnBoarding,Enroll Vehicle,Mobile App,2026-02-12 22:00:00,2026-02-15 22:59:22.268592,3.04,N,N,4,West,2026-02-01
CASE900327,IND100064,1GC671246487999,WiFi,No / Slow Internet,Mobile App,2026-02-27 12:00:00,2026-02-28 02:35:40.380607,0.61,Y,Y,2,Midwest,2026-02-01
CASE900328,IND100068,1GC127736051111,WiFi,Other,Phone,2026-02-27 20:00:00,2026-02-28 05:19:33.885661,0.39,Y,N,4,West,2026-02-01
CASE900329,IND100028,1GC902509539628,Infotainment,Other,Mobile App,2026-02-22 19:00:00,2026-02-23 05:21:18.569586,0.43,Y,Y,2,Southeast,2026-02-01
CASE900330,IND100018,1GC844868054792,OnBoarding,Other,Phone,2026-03-17 15:00:00,2026-03-19 03:18:06.733512,1.51,N,Y,5,West,2026-03-01
CASE900331,IND100093,1GC442919103486,OnBoarding,Other,Mobile App,2026-03-20 13:00:00,2026-03-21 06:56:46.379935,0.75,Y,N,4,Northeast,2026-03-01
CASE900332,IND100146,1GC398412097607,OnBoarding,Other,Chat,2026-03-14 18:00:00,2026-03-17 05:04:48.685236,2.46,N,N,5,Southeast,2026-03-01
CASE900333,IND100013,1GC840485451942,WiFi,Hotspot: SSID and Password,Dealer,2026-03-10 08:00:00,2026-03-11 21:13:44.876750,1.55,N,N,5,Northeast,2026-03-01
CASE900334,IND100089,1GC550940297592,OnBoarding,BBWC,Mobile App,2026-03-05 11:00:00,2026-03-05 13:26:56.931553,0.1,Y,Y,5,West,2026-03-01
CASE900335,IND100123,1GC474226661953,WiFi,No / Slow Internet,Dealer,2026-03-10 15:00:00,2026-03-12 12:58:18.014648,1.92,N,Y,5,West,2026-03-01
CASE900336,IND100049,1GC225777235248,WiFi,Hotspot: SSID and Password,Chat,2026-03-11 22:00:00,2026-03-12 04:18:18.098412,0.26,Y,N,3,Southwest,2026-03-01
CASE900337,IND100059,1GC203077066182,WiFi,Other,Dealer,2026-03-20 02:00:00,2026-03-20 07:30:18.294791,0.23,Y,Y,4,Midwest,2026-03-01
CASE900338,IND100112,1GC375360961735,WiFi,Hotspot: SSID and Password,Phone,2026-03-23 20:00:00,2026-03-25 05:15:35.718612,1.39,N,Y,4,Midwest,2026-03-01
CASE900339,IND100104,1GC800875813568,OnBoarding,Enroll Vehicle,Dealer,2026-03-19 17:00:00,2026-03-20 13:58:10.561330,0.87,Y,Y,4,Southeast,2026-03-01
CASE900340,IND100109,1GC912342156888,WiFi,No / Slow Internet,Phone,2026-03-18 13:00:00,2026-03-19 02:02:19.710570,0.54,Y,Y,5,Northeast,2026-03-01
CASE900341,IND100052,1GC808231939751,WiFi,No / Slow Internet,Phone,2026-03-01 17:00:00,2026-03-02 13:45:48.620788,0.87,Y,N,2,Southeast,2026-03-01
CASE900342,IND100068,1GC127736051111,OnBoarding,Other,Phone,2026-03-02 09:00:00,2026-03-02 10:13:00.149717,0.05,Y,N,3,West,2026-03-01
CASE900343,IND100046,1GC448730541126,OnBoarding,Other,Phone,2026-03-15 20:00:00,2026-03-15 22:14:55.587850,0.09,Y,N,5,Southeast,2026-03-01
CASE900344,IND100037,1GC528134433602,WiFi,Hotspot: Data Not Shared / Disabled,Chat,2026-03-23 12:00:00,2026-03-23 17:22:35.813913,0.22,Y,N,4,Southeast,2026-03-01
CASE900345,IND100004,1GC184759613098,OnBoarding,Other,Phone,2026-03-16 07:00:00,2026-03-16 17:47:00.418560,0.45,Y,Y,4,Midwest,2026-03-01
CASE900346,IND100100,1GC917722621635,WiFi,Other,Phone,2026-03-17 15:00:00,2026-03-18 03:07:01.493191,0.5,Y,Y,4,Midwest,2026-03-01
CASE900347,IND100143,1GC614555247137,OnBoarding,Hardware Replacement,Dealer,2026-03-23 07:00:00,2026-03-23 17:05:12.717451,0.42,Y,N,4,Northeast,2026-03-01
CASE900348,IND100020,1GC782278966076,WiFi,No / Slow Internet,Phone,2026-03-27 15:00:00,2026-03-28 02:30:08.555148,0.48,Y,Y,3,West,2026-03-01
CASE900349,IND100044,1GC849033821254,OnBoarding,Other,Chat,2026-03-18 15:00:00,2026-03-22 15:07:30.907097,4.01,N,Y,4,Midwest,2026-03-01
CASE900350,IND100084,1GC120440865820,WiFi,No / Slow Internet,Mobile App,2026-03-08 04:00:00,2026-03-09 03:54:01.883648,1.0,Y,Y,5,Northeast,2026-03-01
CASE900351,IND100010,1GC433718221808,OnBoarding,Other,Chat,2026-03-23 01:00:00,2026-03-24 02:11:22.744021,1.05,N,Y,4,Southwest,2026-03-01
CASE900352,IND100004,1GC197718167021,WiFi,No / Slow Internet,Mobile App,2026-03-01 01:00:00,2026-03-01 17:38:16.498352,0.69,Y,Y,4,Midwest,2026-03-01
CASE900353,IND100028,1GC238860542860,WiFi,No / Slow Internet,Phone,2026-03-10 14:00:00,2026-03-11 19:03:07.300824,1.21,N,Y,2,Southeast,2026-03-01
CASE900354,IND100122,1GC175999889025,Infotainment,App Not Working,Mobile App,2026-03-06 16:00:00,2026-03-07 10:23:17.711861,0.77,Y,Y,5,Southeast,2026-03-01
CASE900355,IND100136,1GC962703291916,Infotainment,App Not Working,Phone,2026-03-17 08:00:00,2026-03-18 02:20:57.221633,0.76,Y,Y,5,West,2026-03-01
CASE900356,IND100116,1GC782667576850,OnBoarding,Other,Chat,2026-03-03 11:00:00,2026-03-04 16:03:44.366751,1.21,N,Y,5,Southeast,2026-03-01
CASE900357,IND100123,1GC474226661953,Infotainment,On Screen Messages,Phone,2026-03-02 20:00:00,2026-03-03 17:44:46.208070,0.91,Y,Y,5,West,2026-03-01
CASE900358,IND100025,1GC275174837066,WiFi,Hotspot: Data Not Shared / Disabled,Dealer,2026-03-14 14:00:00,2026-03-16 00:56:00.241493,1.46,N,N,5,Southwest,2026-03-01
CASE900359,IND100117,1GC747516660355,WiFi,No / Slow Internet,Phone,2026-03-05 15:00:00,2026-03-05 21:00:08.702909,0.25,Y,N,5,Midwest,2026-03-01
CASE900360,IND100083,1GC250275627916,Infotainment,Other,Dealer,2026-03-27 12:00:00,2026-03-27 15:48:56.531344,0.16,Y,N,4,West,2026-03-01
CASE900361,IND100010,1GC196966851360,WiFi,No / Slow Internet,Chat,2026-03-16 22:00:00,2026-03-17 00:16:46.785074,0.09,Y,Y,4,Southwest,2026-03-01
CASE900362,IND100066,1GC603286444670,Infotainment,App Not Working,Chat,2026-03-24 11:00:00,2026-03-24 14:03:03.888162,0.13,Y,Y,4,Southeast,2026-03-01
CASE900363,IND100014,1GC599367222451,OnBoarding,Enroll Vehicle,Phone,2026-03-23 23:00:00,2026-03-26 21:09:52.766226,2.92,N,Y,4,Southeast,2026-03-01
CASE900364,IND100128,1GC193062670950,OnBoarding,Hardware Replacement,Phone,2026-03-12 03:00:00,2026-03-14 13:01:41.385943,2.42,N,Y,4,West,2026-03-01
CASE900365,IND100098,1GC206205311908,OnBoarding,Other,Phone,2026-03-07 19:00:00,2026-03-09 03:14:09.472754,1.34,N,Y,4,Southwest,2026-03-01
CASE900366,IND100021,1GC563551416308,WiFi,No / Slow Internet,Phone,2026-03-24 07:00:00,2026-03-24 10:47:49.543021,0.16,Y,N,5,Southeast,2026-03-01
CASE900367,IND100087,1GC515689507225,WiFi,No / Slow Internet,Mobile App,2026-03-01 04:00:00,2026-03-01 17:01:56.373261,0.54,Y,Y,3,Southwest,2026-03-01
CASE900368,IND100012,1GC679478608071,Infotainment,App Not Working,Phone,2026-03-06 04:00:00,2026-03-06 06:53:31.502308,0.12,Y,N,1,Southeast,2026-03-01
CASE900369,IND100005,1GC978060116472,WiFi,No / Slow Internet,Phone,2026-03-23 08:00:00,2026-03-23 11:20:59.703578,0.14,Y,Y,2,West,2026-03-01
CASE900370,IND100130,1GC253533671683,Infotainment,On Screen Messages,Phone,2026-03-11 10:00:00,2026-03-11 13:57:20.741868,0.16,Y,Y,5,West,2026-03-01
CASE900371,IND100011,1GC934088489962,Infotainment,Other,IVR,2026-03-08 20:00:00,2026-03-09 08:32:26.744511,0.52,Y,Y,5,Northeast,2026-03-01
CASE900372,IND100110,1GC510198660849,OnBoarding,Other,Phone,2026-03-03 12:00:00,2026-03-03 22:17:53.873789,0.43,Y,N,4,West,2026-03-01
CASE900373,IND100068,1GC127736051111,WiFi,No / Slow Internet,Phone,2026-03-15 20:00:00,2026-03-15 20:28:48.000000,0.02,Y,Y,3,West,2026-03-01
CASE900374,IND100044,1GC849033821254,WiFi,No / Slow Internet,Phone,2026-03-09 12:00:00,2026-03-09 12:33:15.638016,0.02,Y,Y,4,Midwest,2026-03-01
CASE900375,IND100044,1GC849033821254,OnBoarding,Enroll Vehicle,IVR,2026-03-08 06:00:00,2026-03-09 08:33:16.843567,1.11,N,Y,4,Midwest,2026-03-01
CASE900376,IND100124,1GC137452756475,OnBoarding,Other,Chat,2026-03-06 18:00:00,2026-03-07 00:56:32.258352,0.29,Y,Y,4,Midwest,2026-03-01
CASE900377,IND100028,1GC238860542860,WiFi,Hotspot: Data Not Shared / Disabled,Mobile App,2026-03-20 22:00:00,2026-03-25 23:54:03.382756,5.08,N,Y,4,Southeast,2026-03-01
CASE900378,IND100037,1GC528134433602,OnBoarding,Hardware Replacement,IVR,2026-03-03 13:00:00,2026-03-03 13:29:10.737954,0.02,Y,Y,5,Southeast,2026-03-01
CASE900379,IND100081,1GC465748175295,WiFi,Hotspot: SSID and Password,Chat,2026-03-06 13:00:00,2026-03-09 19:39:02.917087,3.28,N,Y,3,West,2026-03-01
CASE900380,IND100119,1GC664577956631,OnBoarding,Enroll Vehicle,Chat,2026-03-27 09:00:00,2026-03-28 08:08:58.883150,0.96,Y,N,4,Midwest,2026-03-01
CASE900381,IND100076,1GC364234381989,OnBoarding,Hardware Replacement,Chat,2026-03-27 08:00:00,2026-03-27 17:14:12.432506,0.38,Y,N,5,Midwest,2026-03-01
CASE900382,IND100015,1GC304514849606,WiFi,Hotspot: SSID and Password,Chat,2026-03-20 00:00:00,2026-03-20 03:26:35.124263,0.14,Y,N,4,Midwest,2026-03-01
CASE900383,IND100129,1GC628880114959,WiFi,No / Slow Internet,Mobile App,2026-03-15 11:00:00,2026-03-15 12:10:58.111701,0.05,Y,Y,3,Northeast,2026-03-01
CASE900384,IND100009,1GC505347344105,Infotainment,App Not Working,Phone,2026-03-14 10:00:00,2026-03-15 08:02:01.811422,0.92,Y,Y,4,West,2026-03-01
CASE900385,IND100089,1GC550940297592,WiFi,No / Slow Internet,Mobile App,2026-03-25 00:00:00,2026-03-28 00:38:04.908041,3.03,N,Y,5,West,2026-03-01
CASE900386,IND100049,1GC225777235248,WiFi,No / Slow Internet,Chat,2026-03-05 15:00:00,2026-03-07 11:15:37.320621,1.84,N,Y,3,Southwest,2026-03-01
CASE900387,IND100096,1GC425631349497,OnBoarding,Hardware Replacement,Chat,2026-03-02 03:00:00,2026-03-02 14:09:53.251980,0.47,Y,Y,5,Northeast,2026-03-01
CASE900388,IND100082,1GC832618346198,OnBoarding,Hardware Replacement,Phone,2026-03-25 23:00:00,2026-03-26 16:10:18.945227,0.72,Y,Y,5,Southeast,2026-03-01
CASE900389,IND100088,1GC245144601130,OnBoarding,Other,Phone,2026-03-03 20:00:00,2026-03-04 04:49:23.645358,0.37,Y,Y,4,Southwest,2026-03-01
CASE900390,IND100090,1GC237080892441,WiFi,Hotspot: SSID and Password,Phone,2026-03-03 06:00:00,2026-03-05 04:56:54.784190,1.96,N,N,3,Southwest,2026-03-01
CASE900391,IND100018,1GC385425003540,OnBoarding,Hardware Replacement,Chat,2026-03-09 08:00:00,2026-03-11 18:14:15.841048,2.43,N,Y,4,West,2026-03-01
CASE900392,IND100118,1GC488883735797,WiFi,Hotspot: Data Not Shared / Disabled,Phone,2026-03-02 10:00:00,2026-03-02 11:01:35.297936,0.04,Y,N,4,West,2026-03-01
CASE900393,IND100126,1GC396875091099,WiFi,Hotspot: SSID and Password,Phone,2026-03-22 11:00:00,2026-03-22 19:39:43.206859,0.36,Y,Y,3,Midwest,2026-03-01
CASE900394,IND100118,1GC488883735797,WiFi,Hotspot: Data Not Shared / Disabled,Phone,2026-03-18 04:00:00,2026-03-18 05:16:19.664966,0.05,Y,Y,5,West,2026-03-01
CASE900395,IND100134,1GC631823942332,Infotainment,Other,Phone,2026-03-06 13:00:00,2026-03-06 19:37:06.493177,0.28,Y,N,5,Southeast,2026-03-01
CASE900396,IND100004,1GC197718167021,Infotainment,DIC (Driver Information Center),Dealer,2026-03-25 22:00:00,2026-03-26 04:08:22.261045,0.26,Y,Y,3,Midwest,2026-03-01
CASE900397,IND100028,1GC902509539628,Infotainment,On Screen Messages,Phone,2026-03-23 04:00:00,2026-03-23 13:54:14.349326,0.41,Y,N,3,Southeast,2026-03-01
CASE900398,IND100080,1GC697882186293,OnBoarding,Hardware Replacement,Dealer,2026-03-23 01:00:00,2026-03-23 14:53:59.668494,0.58,Y,N,4,Southwest,2026-03-01
CASE900399,IND100062,1GC608712495832,OnBoarding,Other,Chat,2026-03-01 12:00:00,2026-03-01 21:40:20.437260,0.4,Y,Y,1,West,2026-03-01
CASE900400,IND100132,1GC622955025729,OnBoarding,Hardware Replacement,Dealer,2026-03-24 06:00:00,2026-03-27 09:55:28.260358,3.16,N,Y,4,West,2026-03-01
CASE900401,IND100019,1GC668497959209,WiFi,No / Slow Internet,Chat,2026-03-13 10:00:00,2026-03-14 00:27:57.281959,0.6,Y,N,4,Northeast,2026-03-01
CASE900402,IND100101,1GC729736420428,OnBoarding,Other,Dealer,2026-03-10 11:00:00,2026-03-12 09:12:52.151997,1.93,N,N,5,Southeast,2026-03-01
CASE900403,IND100027,1GC139423389208,WiFi,Hotspot: Data Not Shared / Disabled,Chat,2026-03-24 15:00:00,2026-03-25 13:14:01.115448,0.93,Y,Y,4,West,2026-03-01
CASE900404,IND100018,1GC844868054792,Infotainment,On Screen Messages,Phone,2026-03-21 09:00:00,2026-03-22 05:51:49.740096,0.87,Y,N,4,West,2026-03-01
CASE900405,IND100077,1GC695724863253,OnBoarding,BBWC,Phone,2026-03-16 08:00:00,2026-03-16 12:00:45.133493,0.17,Y,N,5,West,2026-03-01
CASE900406,IND100042,1GC730238591801,OnBoarding,Other,Phone,2026-03-06 09:00:00,2026-03-06 18:01:37.876321,0.38,Y,N,5,Northeast,2026-03-01
CASE900407,IND100099,1GC965707898093,WiFi,Other,Phone,2026-03-18 04:00:00,2026-03-18 08:01:59.604686,0.17,Y,Y,3,West,2026-03-01
CASE900408,IND100065,1GC598221460591,Infotainment,Other,Phone,2026-03-18 10:00:00,2026-03-18 11:48:35.232942,0.08,Y,Y,5,Southeast,2026-03-01
CASE900409,IND100135,1GC120523483926,WiFi,No / Slow Internet,Phone,2026-03-12 03:00:00,2026-03-13 03:19:30.162397,1.01,N,Y,4,Southeast,2026-03-01
CASE900410,IND100083,1GC250275627916,OnBoarding,Hardware Replacement,Phone,2026-03-05 00:00:00,2026-03-08 21:33:20.613491,3.9,N,Y,4,West,2026-03-01
CASE900411,IND100100,1GC917722621635,WiFi,No / Slow Internet,Mobile App,2026-03-04 17:00:00,2026-03-07 11:22:42.553519,2.77,N,Y,4,Midwest,2026-03-01
CASE900412,IND100094,1GC371360880232,OnBoarding,Hardware Replacement,Chat,2026-03-12 11:00:00,2026-03-12 20:58:20.150568,0.42,Y,Y,4,Southeast,2026-03-01
CASE900413,IND100020,1GC361826054325,OnBoarding,Other,Mobile App,2026-03-04 08:00:00,2026-03-05 13:56:04.912065,1.25,N,Y,4,West,2026-03-01
CASE900414,IND100041,1GC849410376451,WiFi,No / Slow Internet,Chat,2026-03-11 03:00:00,2026-03-11 04:53:35.142648,0.08,Y,Y,5,West,2026-03-01
CASE900415,IND100084,1GC120440865820,OnBoarding,Enroll Vehicle,Dealer,2026-03-18 09:00:00,2026-03-20 21:01:59.662337,2.5,N,Y,2,Northeast,2026-03-01
CASE900416,IND100112,1GC375360961735,Infotainment,App Not Working,Mobile App,2026-03-23 19:00:00,2026-03-24 06:24:30.421717,0.48,Y,Y,3,Midwest,2026-03-01
CASE900417,IND100146,1GC398412097607,OnBoarding,Enroll Vehicle,Phone,2026-03-04 07:00:00,2026-03-04 12:14:47.675109,0.22,Y,Y,3,Southeast,2026-03-01
CASE900418,IND100017,1GC157435530493,OnBoarding,Hardware Replacement,Mobile App,2026-03-20 19:00:00,2026-03-21 11:46:00.333925,0.7,Y,Y,4,Southwest,2026-03-01
CASE900419,IND100091,1GC726688337569,OnBoarding,Other,IVR,2026-03-12 20:00:00,2026-03-13 08:09:29.674344,0.51,Y,N,4,Southwest,2026-03-01
CASE900420,IND100137,1GC534073093248,OnBoarding,Hardware Replacement,Mobile App,2026-03-27 16:00:00,2026-03-27 23:22:57.178914,0.31,Y,Y,5,West,2026-03-01
CASE900421,IND100102,1GC339282965313,OnBoarding,Other,Mobile App,2026-03-19 18:00:00,2026-03-20 00:20:14.870074,0.26,Y,N,4,West,2026-03-01
CASE900422,IND100002,1GC872738127919,WiFi,No / Slow Internet,Mobile App,2026-03-18 11:00:00,2026-03-20 07:33:20.724168,1.86,N,N,4,Northeast,2026-03-01
CASE900423,IND100003,1GC727631226152,Infotainment,On Screen Messages,Phone,2026-03-03 00:00:00,2026-03-03 12:22:05.891805,0.52,Y,Y,4,Southwest,2026-03-01
CASE900424,IND100047,1GC359495293536,WiFi,No / Slow Internet,IVR,2026-03-16 12:00:00,2026-03-19 10:10:53.293186,2.92,N,Y,3,West,2026-03-01
CASE900425,IND100007,1GC693480371222,OnBoarding,Hardware Replacement,Mobile App,2026-03-21 18:00:00,2026-03-22 07:05:41.925383,0.55,Y,Y,3,Northeast,2026-03-01
CASE900426,IND100013,1GC133671300558,OnBoarding,Other,Chat,2026-03-18 18:00:00,2026-03-19 07:51:55.026049,0.58,Y,Y,3,Northeast,2026-03-01
CASE900427,IND100037,1GC528134433602,WiFi,No / Slow Internet,Chat,2026-03-04 23:00:00,2026-03-05 10:15:06.319130,0.47,Y,Y,4,Southeast,2026-03-01
CASE900428,IND100055,1GC802656127918,Infotainment,App Not Working,Phone,2026-03-20 18:00:00,2026-03-21 06:20:29.966791,0.51,Y,Y,4,Southeast,2026-03-01
CASE900429,IND100009,1GC505347344105,OnBoarding,Other,Chat,2026-03-08 21:00:00,2026-03-09 10:08:59.289180,0.55,Y,Y,4,West,2026-03-01
CASE900430,IND100009,1GC505347344105,WiFi,Other,Phone,2026-03-16 01:00:00,2026-03-16 04:04:46.087145,0.13,Y,N,4,West,2026-03-01
CASE900431,IND100129,1GC628880114959,WiFi,No / Slow Internet,Dealer,2026-03-04 09:00:00,2026-03-07 22:40:47.007178,3.57,N,Y,4,Northeast,2026-03-01
CASE900432,IND100019,1GC668497959209,OnBoarding,Other,Chat,2026-03-04 12:00:00,2026-03-04 15:22:23.517753,0.14,Y,Y,3,Northeast,2026-03-01
CASE900433,IND100019,1GC957609455561,Infotainment,On Screen Messages,Chat,2026-03-08 16:00:00,2026-03-09 09:15:37.136500,0.72,Y,Y,5,Northeast,2026-03-01
CASE900434,IND100074,1GC152472467520,OnBoarding,BBWC,Mobile App,2026-03-27 00:00:00,2026-03-28 22:54:58.810678,1.95,N,Y,5,Southwest,2026-03-01
CASE900435,IND100022,1GC330368581510,WiFi,Other,Chat,2026-03-16 00:00:00,2026-03-18 09:59:54.896647,2.42,N,Y,5,Southwest,2026-03-01
CASE900436,IND100055,1GC802656127918,OnBoarding,Enroll Vehicle,Phone,2026-03-22 23:00:00,2026-03-23 10:51:14.376380,0.49,Y,Y,4,Southeast,2026-03-01
CASE900437,IND100029,1GC773747217510,WiFi,No / Slow Internet,Mobile App,2026-03-23 02:00:00,2026-03-23 21:17:18.147010,0.8,Y,Y,5,West,2026-03-01
CASE900438,IND100098,1GC206205311908,WiFi,No / Slow Internet,Chat,2026-03-03 07:00:00,2026-03-04 12:40:48.758185,1.24,N,Y,5,Southwest,2026-03-01
CASE900439,IND100001,1GC494990595776,WiFi,No / Slow Internet,Phone,2026-03-09 09:00:00,2026-03-09 17:09:19.062218,0.34,Y,N,4,Northeast,2026-03-01
CASE900440,IND100002,1GC872738127919,WiFi,Hotspot: SSID and Password,Phone,2026-03-12 14:00:00,2026-03-12 17:43:58.712597,0.16,Y,Y,4,Northeast,2026-03-01
CASE900441,IND100002,1GC872738127919,WiFi,Hotspot: Data Not Shared / Disabled,Phone,2026-03-17 21:00:00,2026-03-18 07:32:39.458166,0.44,Y,Y,5,Northeast,2026-03-01
CASE900442,IND100009,1GC505347344105,OnBoarding,Hardware Replacement,Phone,2026-03-11 15:00:00,2026-03-12 05:41:57.843999,0.61,Y,Y,2,West,2026-03-01
CASE900443,IND100004,1GC184759613098,WiFi,No / Slow Internet,Mobile App,2026-03-09 00:00:00,2026-03-10 02:05:29.564956,1.09,N,N,5,Midwest,2026-03-01
CASE900444,IND100052,1GC808231939751,OnBoarding,Other,Mobile App,2026-03-15 22:00:00,2026-03-16 15:30:26.687769,0.73,Y,Y,3,Southeast,2026-03-01
CASE900445,IND100067,1GC373555088256,Infotainment,App Not Working,Mobile App,2026-03-09 03:00:00,2026-03-10 08:44:33.912769,1.24,N,N,5,Midwest,2026-03-01
CASE900446,IND100009,1GC791782742725,WiFi,No / Slow Internet,Chat,2026-03-23 00:00:00,2026-03-23 12:38:41.172558,0.53,Y,Y,4,West,2026-03-01
CASE900447,IND100066,1GC603286444670,OnBoarding,Enroll Vehicle,Mobile App,2026-03-27 21:00:00,2026-03-27 21:41:23.514281,0.03,Y,N,2,Southeast,2026-03-01
CASE900448,IND100097,1GC178884927384,Infotainment,Other,Chat,2026-03-07 07:00:00,2026-03-09 15:03:44.481604,2.34,N,Y,5,Southwest,2026-03-01
CASE900449,IND100063,1GC788498971673,WiFi,No / Slow Internet,Phone,2026-03-06 21:00:00,2026-03-09 07:04:57.074251,2.42,N,Y,2,Midwest,2026-03-01
CASE900450,IND100102,1GC339282965313,OnBoarding,Other,Phone,2026-03-16 21:00:00,2026-03-18 14:48:08.748754,1.74,N,Y,3,West,2026-03-01
CASE900451,IND100042,1GC730238591801,WiFi,No / Slow Internet,Phone,2026-03-12 12:00:00,2026-03-13 20:18:09.592504,1.35,N,N,4,Northeast,2026-03-01
CASE900452,IND100006,1GC785025731790,OnBoarding,Other,Mobile App,2026-03-17 09:00:00,2026-03-19 03:37:56.752329,1.78,N,Y,4,Southeast,2026-03-01
CASE900453,IND100001,1GC906544694654,OnBoarding,Enroll Vehicle,Phone,2026-03-11 10:00:00,2026-03-11 19:00:18.401967,0.38,Y,Y,4,Northeast,2026-03-01
CASE900454,IND100013,1GC840485451942,OnBoarding,Other,Mobile App,2026-03-16 15:00:00,2026-03-17 07:46:24.980351,0.7,Y,Y,3,Northeast,2026-03-01
CASE900455,IND100145,1GC340278096782,WiFi,No / Slow Internet,Chat,2026-03-25 14:00:00,2026-03-29 09:07:19.151776,3.8,N,Y,4,Midwest,2026-03-01
CASE900456,IND100022,1GC330368581510,WiFi,No / Slow Internet,Chat,2026-03-03 08:00:00,2026-03-03 18:49:51.838187,0.45,Y,Y,4,Southwest,2026-03-01
CASE900457,IND100017,1GC157435530493,WiFi,No / Slow Internet,Phone,2026-03-01 18:00:00,2026-03-02 21:54:01.058093,1.16,N,N,4,Southwest,2026-03-01
CASE900458,IND100011,1GC924410660622,OnBoarding,Other,Mobile App,2026-03-07 23:00:00,2026-03-08 13:35:19.267539,0.61,Y,Y,4,Northeast,2026-03-01
CASE900459,IND100007,1GC807457874748,Infotainment,App Not Working,Phone,2026-03-10 11:00:00,2026-03-11 20:16:58.401950,1.39,N,Y,5,Northeast,2026-03-01
CASE900460,IND100009,1GC505347344105,Infotainment,On Screen Messages,Phone,2026-03-14 12:00:00,2026-03-15 02:14:56.501054,0.59,Y,N,4,West,2026-03-01
CASE900461,IND100069,1GC493045650308,OnBoarding,Other,Chat,2026-03-16 14:00:00,2026-03-16 15:22:29.399795,0.06,Y,Y,4,Southeast,2026-03-01
CASE900462,IND100043,1GC381129977243,OnBoarding,Other,Chat,2026-03-23 08:00:00,2026-03-24 02:59:41.457470,0.79,Y,Y,5,Midwest,2026-03-01
CASE900463,IND100067,1GC373555088256,OnBoarding,Hardware Replacement,Phone,2026-03-27 04:00:00,2026-03-27 13:03:51.241480,0.38,Y,Y,3,Midwest,2026-03-01
CASE900464,IND100003,1GC727631226152,OnBoarding,Other,Chat,2026-03-24 06:00:00,2026-03-25 13:50:06.425610,1.33,N,N,4,Southwest,2026-03-01
CASE900465,IND100139,1GC174456999930,WiFi,No / Slow Internet,Phone,2026-03-03 08:00:00,2026-03-03 16:26:13.497502,0.35,Y,Y,3,West,2026-03-01
CASE900466,IND100004,1GC184759613098,WiFi,No / Slow Internet,Phone,2026-03-27 08:00:00,2026-03-29 09:09:59.620164,2.05,N,Y,4,Midwest,2026-03-01
CASE900467,IND100118,1GC488883735797,WiFi,Hotspot: Data Not Shared / Disabled,Chat,2026-03-18 20:00:00,2026-03-19 16:43:52.402976,0.86,Y,Y,4,West,2026-03-01
CASE900468,IND100048,1GC714245953576,Infotainment,On Screen Messages,IVR,2026-03-11 21:00:00,2026-03-12 00:51:26.404855,0.16,Y,N,5,Midwest,2026-03-01
CASE900469,IND100029,1GC714744057917,Infotainment,On Screen Messages,Phone,2026-03-03 17:00:00,2026-03-04 02:19:53.408323,0.39,Y,Y,4,West,2026-03-01
CASE900470,IND100070,1GC293126205537,WiFi,Hotspot: SSID and Password,Phone,2026-03-26 08:00:00,2026-03-27 03:02:23.966030,0.79,Y,Y,2,Northeast,2026-03-01
CASE900471,IND100029,1GC773747217510,WiFi,No / Slow Internet,Phone,2026-03-05 07:00:00,2026-03-05 22:24:54.760778,0.64,Y,N,3,West,2026-03-01
CASE900472,IND100083,1GC250275627916,WiFi,No / Slow Internet,Mobile App,2026-03-15 07:00:00,2026-03-16 00:34:36.025548,0.73,Y,Y,3,West,2026-03-01
CASE900473,IND100063,1GC788498971673,OnBoarding,Hardware Replacement,Chat,2026-03-09 10:00:00,2026-03-10 10:51:26.788557,1.04,N,Y,4,Midwest,2026-03-01
CASE900474,IND100024,1GC248147035823,OnBoarding,Enroll Vehicle,Dealer,2026-03-03 23:00:00,2026-03-04 20:38:24.794572,0.9,Y,N,3,Midwest,2026-03-01
CASE900475,IND100011,1GC934088489962,OnBoarding,Other,Mobile App,2026-03-20 06:00:00,2026-03-23 08:29:27.418808,3.1,N,Y,4,Northeast,2026-03-01
CASE900476,IND100040,1GC493436726984,WiFi,No / Slow Internet,Chat,2026-03-05 02:00:00,2026-03-06 03:28:42.655227,1.06,N,N,5,Southwest,2026-03-01
CASE900477,IND100022,1GC973628221954,OnBoarding,Enroll Vehicle,Dealer,2026-03-20 16:00:00,2026-03-21 09:59:16.438465,0.75,Y,N,5,Southwest,2026-03-01
CASE900478,IND100119,1GC664577956631,Infotainment,DIC (Driver Information Center),Mobile App,2026-03-10 10:00:00,2026-03-12 03:34:59.506545,1.73,N,N,4,Midwest,2026-03-01
CASE900479,IND100134,1GC631823942332,OnBoarding,BBWC,Mobile App,2026-03-02 15:00:00,2026-03-03 04:51:39.264625,0.58,Y,N,5,Southeast,2026-03-01
CASE900480,IND100099,1GC965707898093,OnBoarding,Other,Phone,2026-03-10 05:00:00,2026-03-10 08:32:55.292401,0.15,Y,N,5,West,2026-03-01
CASE900481,IND100030,1GC770285940316,OnBoarding,Other,Mobile App,2026-03-26 13:00:00,2026-03-27 08:50:09.397978,0.83,Y,N,3,Midwest,2026-03-01
CASE900482,IND100007,1GC693480371222,WiFi,No / Slow Internet,Chat,2026-03-08 06:00:00,2026-03-08 21:31:02.417689,0.65,Y,Y,4,Northeast,2026-03-01
CASE900483,IND100127,1GC230071769979,OnBoarding,Other,Chat,2026-03-25 17:00:00,2026-03-27 03:20:40.099659,1.43,N,N,5,West,2026-03-01
CASE900484,IND100077,1GC695724863253,OnBoarding,BBWC,Phone,2026-03-20 00:00:00,2026-03-20 04:21:13.471402,0.18,Y,N,3,West,2026-03-01
CASE900485,IND100085,1GC181043074697,WiFi,No / Slow Internet,Chat,2026-03-22 13:00:00,2026-03-23 02:39:14.715094,0.57,Y,Y,4,Northeast,2026-03-01
CASE900486,IND100145,1GC340278096782,OnBoarding,Enroll Vehicle,IVR,2026-03-16 17:00:00,2026-03-17 04:48:44.199216,0.49,Y,Y,4,Midwest,2026-03-01
CASE900487,IND100139,1GC174456999930,Infotainment,DIC (Driver Information Center),IVR,2026-03-24 04:00:00,2026-03-25 05:04:53.887013,1.05,N,N,4,West,2026-03-01
CASE900488,IND100029,1GC773747217510,OnBoarding,Hardware Replacement,Phone,2026-03-09 23:00:00,2026-03-10 17:37:26.696272,0.78,Y,Y,4,West,2026-03-01
CASE900489,IND100113,1GC621297612047,WiFi,Hotspot: Data Not Shared / Disabled,Dealer,2026-03-21 21:00:00,2026-03-22 21:21:33.086306,1.01,N,N,4,Southeast,2026-03-01
CASE900490,IND100093,1GC442919103486,Infotainment,On Screen Messages,Chat,2026-03-21 09:00:00,2026-03-25 09:10:39.979092,4.01,N,N,5,Northeast,2026-03-01
CASE900491,IND100133,1GC412182824081,Infotainment,On Screen Messages,Phone,2026-03-04 01:00:00,2026-03-04 01:28:48.000000,0.02,Y,N,4,West,2026-03-01
CASE900492,IND100134,1GC631823942332,OnBoarding,Hardware Replacement,Phone,2026-03-07 19:00:00,2026-03-08 13:27:15.971573,0.77,Y,Y,1,Southeast,2026-03-01
CASE900493,IND100024,1GC248147035823,Infotainment,App Not Working,Chat,2026-03-22 08:00:00,2026-03-23 03:18:51.158264,0.8,Y,Y,4,Midwest,2026-03-01
CASE900494,IND100027,1GC993138007649,OnBoarding,Hardware Replacement,Phone,2026-03-25 19:00:00,2026-03-26 15:11:43.833367,0.84,Y,Y,4,West,2026-03-01
CASE900495,IND100000,1GC796560443699,WiFi,Other,Mobile App,2026-04-22 17:00:00,2026-04-23 11:48:51.056353,0.78,Y,Y,4,Midwest,2026-04-01
CASE900496,IND100026,1GC491587354002,Infotainment,On Screen Messages,Phone,2026-04-26 03:00:00,2026-04-27 01:54:21.904511,0.95,Y,N,5,Northeast,2026-04-01
CASE900497,IND100068,1GC127736051111,OnBoarding,Enroll Vehicle,Dealer,2026-04-27 10:00:00,2026-04-27 13:15:44.563670,0.14,Y,Y,5,West,2026-04-01
CASE900498,IND100079,1GC805508388194,OnBoarding,Hardware Replacement,Phone,2026-04-05 20:00:00,2026-04-06 03:46:49.929193,0.32,Y,N,3,Midwest,2026-04-01
CASE900499,IND100002,1GC872738127919,Infotainment,DIC (Driver Information Center),Phone,2026-04-10 10:00:00,2026-04-10 15:12:31.469865,0.22,Y,Y,4,Northeast,2026-04-01
CASE900500,IND100071,1GC467675779351,OnBoarding,Other,Dealer,2026-04-13 19:00:00,2026-04-17 08:17:25.838908,3.55,N,N,5,Southeast,2026-04-01
CASE900501,IND100040,1GC493436726984,WiFi,Hotspot: Data Not Shared / Disabled,Phone,2026-04-26 15:00:00,2026-04-26 18:28:34.626421,0.14,Y,Y,5,Southwest,2026-04-01
CASE900502,IND100128,1GC193062670950,OnBoarding,BBWC,Phone,2026-04-16 12:00:00,2026-04-17 12:32:20.815948,1.02,N,Y,5,West,2026-04-01
CASE900503,IND100000,1GC843662731774,WiFi,No / Slow Internet,Chat,2026-04-22 00:00:00,2026-04-22 22:10:20.500473,0.92,Y,Y,4,Midwest,2026-04-01
CASE900504,IND100021,1GC563551416308,WiFi,No / Slow Internet,IVR,2026-04-18 23:00:00,2026-04-19 06:37:31.263853,0.32,Y,Y,4,Southeast,2026-04-01
CASE900505,IND100102,1GC339282965313,OnBoarding,Enroll Vehicle,Mobile App,2026-04-21 19:00:00,2026-04-23 14:21:22.250503,1.81,N,Y,4,West,2026-04-01
CASE900506,IND100115,1GC870952855682,OnBoarding,Hardware Replacement,IVR,2026-04-01 07:00:00,2026-04-02 20:22:27.137230,1.56,N,Y,5,Midwest,2026-04-01
CASE900507,IND100021,1GC563551416308,Infotainment,DIC (Driver Information Center),Phone,2026-04-12 07:00:00,2026-04-13 00:22:41.495110,0.72,Y,Y,5,Southeast,2026-04-01
CASE900508,IND100101,1GC729736420428,OnBoarding,Hardware Replacement,Chat,2026-04-04 11:00:00,2026-04-05 06:13:44.157090,0.8,Y,Y,4,Southeast,2026-04-01
CASE900509,IND100041,1GC849410376451,WiFi,No / Slow Internet,Mobile App,2026-04-22 20:00:00,2026-04-24 04:47:04.193547,1.37,N,Y,3,West,2026-04-01
CASE900510,IND100014,1GC499072778944,OnBoarding,Other,Mobile App,2026-04-20 00:00:00,2026-04-21 10:42:35.065641,1.45,N,N,5,Southeast,2026-04-01
CASE900511,IND100029,1GC773747217510,WiFi,No / Slow Internet,Chat,2026-04-04 03:00:00,2026-04-05 10:01:10.535110,1.29,N,N,5,West,2026-04-01
CASE900512,IND100061,1GC523986585528,OnBoarding,Hardware Replacement,Chat,2026-04-20 15:00:00,2026-04-21 03:12:06.047356,0.51,Y,Y,5,West,2026-04-01
CASE900513,IND100035,1GC270524223175,OnBoarding,Hardware Replacement,IVR,2026-04-23 08:00:00,2026-04-23 08:28:48.000000,0.02,Y,N,3,Northeast,2026-04-01
CASE900514,IND100001,1GC906544694654,WiFi,No / Slow Internet,Phone,2026-04-12 09:00:00,2026-04-13 23:03:55.851840,1.59,N,Y,3,Northeast,2026-04-01
CASE900515,IND100124,1GC137452756475,WiFi,No / Slow Internet,Chat,2026-04-16 15:00:00,2026-04-17 00:27:38.095324,0.39,Y,Y,5,Midwest,2026-04-01
CASE900516,IND100110,1GC510198660849,Infotainment,DIC (Driver Information Center),Phone,2026-04-04 09:00:00,2026-04-05 03:03:14.609107,0.75,Y,Y,4,West,2026-04-01
CASE900517,IND100009,1GC791782742725,Infotainment,On Screen Messages,Phone,2026-04-24 14:00:00,2026-04-24 22:43:09.113183,0.36,Y,Y,5,West,2026-04-01
CASE900518,IND100026,1GC491587354002,OnBoarding,Other,Phone,2026-04-22 22:00:00,2026-04-25 07:13:44.900857,2.38,N,Y,3,Northeast,2026-04-01
CASE900519,IND100118,1GC488883735797,WiFi,No / Slow Internet,Chat,2026-04-06 04:00:00,2026-04-06 08:20:18.486209,0.18,Y,Y,5,West,2026-04-01
CASE900520,IND100132,1GC622955025729,WiFi,Other,Phone,2026-04-01 05:00:00,2026-04-01 05:52:52.848844,0.04,Y,Y,5,West,2026-04-01
CASE900521,IND100057,1GC611867076357,OnBoarding,Enroll Vehicle,Mobile App,2026-04-21 14:00:00,2026-04-22 04:57:29.871176,0.62,Y,Y,3,Northeast,2026-04-01
CASE900522,IND100018,1GC844868054792,OnBoarding,Other,Dealer,2026-04-08 11:00:00,2026-04-08 13:25:55.693489,0.1,Y,Y,4,West,2026-04-01
CASE900523,IND100126,1GC396875091099,OnBoarding,Other,Chat,2026-04-17 12:00:00,2026-04-21 12:32:50.424051,4.02,N,Y,4,Midwest,2026-04-01
CASE900524,IND100070,1GC293126205537,OnBoarding,Other,Dealer,2026-04-25 21:00:00,2026-04-26 00:50:39.256157,0.16,Y,Y,4,Northeast,2026-04-01
CASE900525,IND100128,1GC193062670950,OnBoarding,BBWC,Dealer,2026-04-05 01:00:00,2026-04-05 22:06:45.809788,0.88,Y,Y,5,West,2026-04-01
CASE900526,IND100062,1GC608712495832,Infotainment,DIC (Driver Information Center),Phone,2026-04-01 21:00:00,2026-04-02 09:55:05.638245,0.54,Y,Y,5,West,2026-04-01
CASE900527,IND100043,1GC381129977243,OnBoarding,Hardware Replacement,Phone,2026-04-05 17:00:00,2026-04-05 22:39:31.748338,0.24,Y,N,4,Midwest,2026-04-01
CASE900528,IND100019,1GC957609455561,OnBoarding,Enroll Vehicle,Phone,2026-04-04 07:00:00,2026-04-04 08:57:17.868172,0.08,Y,N,4,Northeast,2026-04-01
CASE900529,IND100103,1GC972258739611,OnBoarding,Hardware Replacement,Dealer,2026-04-17 23:00:00,2026-04-20 05:46:43.763297,2.28,N,Y,2,West,2026-04-01
CASE900530,IND100020,1GC782278966076,OnBoarding,Enroll Vehicle,Phone,2026-04-24 22:00:00,2026-04-25 14:57:14.179795,0.71,Y,N,4,West,2026-04-01
CASE900531,IND100085,1GC181043074697,OnBoarding,Enroll Vehicle,Chat,2026-04-07 09:00:00,2026-04-08 14:14:01.960443,1.22,N,Y,4,Northeast,2026-04-01
CASE900532,IND100004,1GC184759613098,Infotainment,App Not Working,Phone,2026-04-27 00:00:00,2026-04-27 12:53:41.069800,0.54,Y,Y,4,Midwest,2026-04-01
CASE900533,IND100082,1GC832618346198,OnBoarding,Enroll Vehicle,Phone,2026-04-15 08:00:00,2026-04-16 06:19:13.453411,0.93,Y,Y,5,Southeast,2026-04-01
CASE900534,IND100077,1GC695724863253,Infotainment,Other,Mobile App,2026-04-10 06:00:00,2026-04-10 15:57:56.958651,0.42,Y,Y,4,West,2026-04-01
CASE900535,IND100118,1GC488883735797,Infotainment,Other,Phone,2026-04-04 13:00:00,2026-04-04 19:26:26.748364,0.27,Y,Y,4,West,2026-04-01
CASE900536,IND100132,1GC622955025729,WiFi,No / Slow Internet,Phone,2026-04-13 13:00:00,2026-04-13 15:23:51.524399,0.1,Y,N,5,West,2026-04-01
CASE900537,IND100047,1GC359495293536,OnBoarding,Hardware Replacement,Phone,2026-04-25 09:00:00,2026-04-27 03:51:07.380458,1.79,N,Y,4,West,2026-04-01
CASE900538,IND100128,1GC193062670950,OnBoarding,Hardware Replacement,Phone,2026-04-25 08:00:00,2026-04-25 17:06:33.946720,0.38,Y,N,4,West,2026-04-01
CASE900539,IND100148,1GC495020314274,Infotainment,On Screen Messages,Dealer,2026-04-14 07:00:00,2026-04-15 08:58:24.911568,1.08,N,Y,4,Southwest,2026-04-01
CASE900540,IND100022,1GC330368581510,WiFi,No / Slow Internet,Phone,2026-04-26 10:00:00,2026-04-26 23:07:36.145025,0.55,Y,N,3,Southwest,2026-04-01
CASE900541,IND100076,1GC364234381989,WiFi,No / Slow Internet,Phone,2026-04-07 18:00:00,2026-04-08 03:36:43.080341,0.4,Y,Y,4,Midwest,2026-04-01
CASE900542,IND100023,1GC903809009189,WiFi,Other,Phone,2026-04-06 05:00:00,2026-04-08 02:36:01.334074,1.9,N,Y,5,Midwest,2026-04-01
CASE900543,IND100132,1GC622955025729,WiFi,No / Slow Internet,Phone,2026-04-05 07:00:00,2026-04-06 09:15:21.667257,1.09,N,N,5,West,2026-04-01
CASE900544,IND100093,1GC442919103486,OnBoarding,Hardware Replacement,Chat,2026-04-06 19:00:00,2026-04-07 11:39:30.491545,0.69,Y,Y,5,Northeast,2026-04-01
CASE900545,IND100137,1GC534073093248,WiFi,No / Slow Internet,Phone,2026-04-04 21:00:00,2026-04-05 17:35:44.419634,0.86,Y,Y,5,West,2026-04-01
CASE900546,IND100027,1GC139423389208,OnBoarding,BBWC,IVR,2026-04-21 11:00:00,2026-04-23 12:49:22.993974,2.08,N,N,4,West,2026-04-01
CASE900547,IND100033,1GC433413735431,OnBoarding,Enroll Vehicle,Phone,2026-04-18 03:00:00,2026-04-18 03:37:12.652887,0.03,Y,Y,5,Midwest,2026-04-01
CASE900548,IND100069,1GC493045650308,Infotainment,App Not Working,Phone,2026-04-24 17:00:00,2026-04-24 23:11:13.957946,0.26,Y,Y,4,Southeast,2026-04-01
CASE900549,IND100147,1GC568605162223,OnBoarding,Hardware Replacement,Phone,2026-04-17 11:00:00,2026-04-18 15:52:18.354952,1.2,N,Y,5,West,2026-04-01
CASE900550,IND100051,1GC106626042775,Infotainment,App Not Working,Mobile App,2026-04-15 12:00:00,2026-04-17 03:54:27.985137,1.66,N,Y,5,Northeast,2026-04-01
CASE900551,IND100131,1GC932608106538,WiFi,No / Slow Internet,Phone,2026-04-16 21:00:00,2026-04-17 06:56:54.489225,0.41,Y,Y,4,Southeast,2026-04-01
CASE900552,IND100061,1GC523986585528,OnBoarding,Enroll Vehicle,Phone,2026-04-05 23:00:00,2026-04-06 08:18:13.953826,0.39,Y,Y,3,West,2026-04-01
CASE900553,IND100146,1GC398412097607,WiFi,No / Slow Internet,Dealer,2026-04-10 10:00:00,2026-04-12 04:58:35.735160,1.79,N,Y,4,Southeast,2026-04-01
CASE900554,IND100010,1GC433718221808,WiFi,No / Slow Internet,Phone,2026-04-22 09:00:00,2026-04-22 10:31:25.554392,0.06,Y,N,3,Southwest,2026-04-01
CASE900555,IND100047,1GC359495293536,Infotainment,On Screen Messages,Mobile App,2026-04-19 17:00:00,2026-04-20 01:58:50.778574,0.37,Y,Y,4,West,2026-04-01
CASE900556,IND100102,1GC339282965313,OnBoarding,Other,IVR,2026-04-06 08:00:00,2026-04-08 05:07:32.224685,1.88,N,N,5,West,2026-04-01
CASE900557,IND100079,1GC805508388194,OnBoarding,Hardware Replacement,Mobile App,2026-04-04 14:00:00,2026-04-05 12:57:21.632940,0.96,Y,Y,4,Midwest,2026-04-01
CASE900558,IND100084,1GC120440865820,Infotainment,App Not Working,Phone,2026-04-19 21:00:00,2026-04-19 21:28:48.000000,0.02,Y,Y,4,Northeast,2026-04-01
CASE900559,IND100065,1GC598221460591,WiFi,Hotspot: Data Not Shared / Disabled,Phone,2026-04-04 05:00:00,2026-04-06 16:31:04.464187,2.48,N,Y,2,Southeast,2026-04-01
CASE900560,IND100038,1GC304218414145,WiFi,Other,Chat,2026-04-11 16:00:00,2026-04-12 12:10:53.217865,0.84,Y,N,4,Southwest,2026-04-01
CASE900561,IND100008,1GC215302269407,WiFi,Hotspot: SSID and Password,IVR,2026-04-13 22:00:00,2026-04-14 08:05:43.939981,0.42,Y,Y,4,Southeast,2026-04-01
CASE900562,IND100048,1GC714245953576,OnBoarding,Other,Mobile App,2026-04-02 06:00:00,2026-04-02 06:34:18.306484,0.02,Y,Y,5,Midwest,2026-04-01
CASE900563,IND100020,1GC782278966076,OnBoarding,Enroll Vehicle,Dealer,2026-04-24 22:00:00,2026-04-25 00:29:53.142327,0.1,Y,N,3,West,2026-04-01
CASE900564,IND100022,1GC973628221954,WiFi,Other,Phone,2026-04-04 01:00:00,2026-04-05 00:34:52.737605,0.98,Y,Y,4,Southwest,2026-04-01
CASE900565,IND100079,1GC805508388194,Infotainment,App Not Working,Phone,2026-04-04 15:00:00,2026-04-06 03:38:25.186929,1.53,N,Y,3,Midwest,2026-04-01
CASE900566,IND100117,1GC747516660355,Infotainment,App Not Working,Dealer,2026-04-01 17:00:00,2026-04-01 22:59:08.333161,0.25,Y,Y,5,Midwest,2026-04-01
CASE900567,IND100003,1GC727631226152,OnBoarding,Other,Chat,2026-04-27 09:00:00,2026-04-27 14:34:45.982886,0.23,Y,Y,5,Southwest,2026-04-01
CASE900568,IND100016,1GC846810768818,Infotainment,Other,Phone,2026-04-23 00:00:00,2026-04-27 06:26:51.949954,4.27,N,Y,4,Midwest,2026-04-01
CASE900569,IND100146,1GC398412097607,OnBoarding,Enroll Vehicle,Chat,2026-04-01 23:00:00,2026-04-02 15:17:35.414821,0.68,Y,N,3,Southeast,2026-04-01
CASE900570,IND100025,1GC275174837066,OnBoarding,Other,Mobile App,2026-04-02 09:00:00,2026-04-02 14:16:38.716606,0.22,Y,Y,4,Southwest,2026-04-01
CASE900571,IND100058,1GC225817298314,OnBoarding,BBWC,Mobile App,2026-04-24 19:00:00,2026-04-25 00:28:59.912771,0.23,Y,N,3,Midwest,2026-04-01
CASE900572,IND100081,1GC465748175295,OnBoarding,Hardware Replacement,IVR,2026-04-03 16:00:00,2026-04-03 23:59:00.492100,0.33,Y,N,5,West,2026-04-01
CASE900573,IND100024,1GC800545147365,Infotainment,Other,Chat,2026-04-14 12:00:00,2026-04-16 12:25:30.106870,2.02,N,Y,4,Midwest,2026-04-01
CASE900574,IND100141,1GC541636294918,OnBoarding,Hardware Replacement,Dealer,2026-04-26 13:00:00,2026-04-27 08:08:34.133752,0.8,Y,Y,4,Northeast,2026-04-01
CASE900575,IND100103,1GC972258739611,OnBoarding,Enroll Vehicle,Phone,2026-04-03 06:00:00,2026-04-03 06:28:48.000000,0.02,Y,Y,4,West,2026-04-01
CASE900576,IND100025,1GC140419557453,OnBoarding,Other,Mobile App,2026-04-02 11:00:00,2026-04-04 13:39:06.566611,2.11,N,Y,3,Southwest,2026-04-01
CASE900577,IND100038,1GC304218414145,OnBoarding,Other,Phone,2026-04-05 23:00:00,2026-04-06 07:04:14.925939,0.34,Y,Y,4,Southwest,2026-04-01
CASE900578,IND100075,1GC353245502819,OnBoarding,Hardware Replacement,IVR,2026-04-18 15:00:00,2026-04-20 02:31:14.991853,1.48,N,Y,5,Northeast,2026-04-01
CASE900579,IND100092,1GC501540648016,OnBoarding,Other,IVR,2026-04-08 06:00:00,2026-04-12 12:48:02.335674,4.28,N,N,3,West,2026-04-01
CASE900580,IND100094,1GC371360880232,OnBoarding,Enroll Vehicle,Mobile App,2026-04-23 19:00:00,2026-04-24 06:21:57.633292,0.47,Y,Y,4,Southeast,2026-04-01
CASE900581,IND100004,1GC184759613098,WiFi,No / Slow Internet,Phone,2026-04-03 10:00:00,2026-04-04 01:10:46.142238,0.63,Y,Y,3,Midwest,2026-04-01
CASE900582,IND100038,1GC304218414145,Infotainment,On Screen Messages,Chat,2026-04-04 05:00:00,2026-04-04 08:32:32.320487,0.15,Y,Y,5,Southwest,2026-04-01
CASE900583,IND100103,1GC972258739611,OnBoarding,Enroll Vehicle,Mobile App,2026-04-06 04:00:00,2026-04-06 12:44:59.059073,0.36,Y,Y,5,West,2026-04-01
CASE900584,IND100047,1GC359495293536,OnBoarding,Enroll Vehicle,Dealer,2026-04-07 05:00:00,2026-04-07 05:28:48.000000,0.02,Y,N,3,West,2026-04-01
CASE900585,IND100049,1GC225777235248,WiFi,No / Slow Internet,Dealer,2026-04-16 20:00:00,2026-04-16 20:28:48.000000,0.02,Y,Y,3,Southwest,2026-04-01
CASE900586,IND100016,1GC846810768818,WiFi,No / Slow Internet,Phone,2026-04-17 08:00:00,2026-04-18 05:13:46.907547,0.88,Y,Y,4,Midwest,2026-04-01
CASE900587,IND100027,1GC139423389208,OnBoarding,Hardware Replacement,Chat,2026-04-15 17:00:00,2026-04-16 19:38:12.871517,1.11,N,Y,5,West,2026-04-01
CASE900588,IND100118,1GC488883735797,Infotainment,On Screen Messages,Mobile App,2026-04-25 05:00:00,2026-04-25 20:36:53.434522,0.65,Y,Y,3,West,2026-04-01
CASE900589,IND100141,1GC541636294918,Infotainment,Other,Chat,2026-04-22 06:00:00,2026-04-23 13:07:47.176935,1.3,N,N,5,Northeast,2026-04-01
CASE900590,IND100052,1GC808231939751,WiFi,Other,Phone,2026-04-10 10:00:00,2026-04-10 14:41:54.405332,0.2,Y,Y,4,Southeast,2026-04-01
CASE900591,IND100101,1GC729736420428,WiFi,Other,Mobile App,2026-04-23 17:00:00,2026-04-24 04:06:36.140485,0.46,Y,Y,2,Southeast,2026-04-01
CASE900592,IND100121,1GC684861941398,WiFi,No / Slow Internet,Dealer,2026-04-26 07:00:00,2026-04-26 15:16:44.879498,0.34,Y,Y,5,Midwest,2026-04-01
CASE900593,IND100123,1GC474226661953,OnBoarding,Hardware Replacement,Phone,2026-04-06 07:00:00,2026-04-08 02:20:51.658923,1.81,N,N,4,West,2026-04-01
CASE900594,IND100122,1GC175999889025,Infotainment,On Screen Messages,Phone,2026-04-15 23:00:00,2026-04-17 19:58:15.103874,1.87,N,Y,4,Southeast,2026-04-01
CASE900595,IND100043,1GC381129977243,OnBoarding,Enroll Vehicle,Phone,2026-04-02 05:00:00,2026-04-03 10:58:31.216791,1.25,N,Y,4,Midwest,2026-04-01
CASE900596,IND100125,1GC544591737319,OnBoarding,Other,Phone,2026-04-14 02:00:00,2026-04-16 00:53:23.644194,1.95,N,N,4,Southeast,2026-04-01
CASE900597,IND100040,1GC493436726984,WiFi,No / Slow Internet,Chat,2026-04-24 14:00:00,2026-04-25 11:40:45.647073,0.9,Y,Y,4,Southwest,2026-04-01
CASE900598,IND100065,1GC598221460591,OnBoarding,BBWC,Phone,2026-04-27 16:00:00,2026-04-28 14:00:42.605288,0.92,Y,Y,5,Southeast,2026-04-01
CASE900599,IND100082,1GC832618346198,WiFi,Hotspot: Data Not Shared / Disabled,Phone,2026-04-25 18:00:00,2026-04-25 21:26:51.859804,0.14,Y,N,3,Southeast,2026-04-01
CASE900600,IND100074,1GC152472467520,WiFi,No / Slow Internet,Mobile App,2026-04-19 08:00:00,2026-04-19 16:43:32.790929,0.36,Y,N,3,Southwest,2026-04-01
CASE900601,IND100108,1GC186751865938,Infotainment,On Screen Messages,Phone,2026-04-11 06:00:00,2026-04-11 08:40:30.098538,0.11,Y,Y,4,Northeast,2026-04-01
CASE900602,IND100081,1GC465748175295,WiFi,Hotspot: Data Not Shared / Disabled,Chat,2026-04-06 01:00:00,2026-04-06 18:43:51.444694,0.74,Y,Y,4,West,2026-04-01
CASE900603,IND100126,1GC396875091099,OnBoarding,Other,Mobile App,2026-04-09 04:00:00,2026-04-09 10:29:24.642704,0.27,Y,Y,3,Midwest,2026-04-01
CASE900604,IND100011,1GC924410660622,WiFi,No / Slow Internet,Phone,2026-04-14 02:00:00,2026-04-14 17:16:49.707717,0.64,Y,Y,3,Northeast,2026-04-01
CASE900605,IND100134,1GC631823942332,WiFi,No / Slow Internet,Chat,2026-04-27 01:00:00,2026-04-28 00:43:29.126149,0.99,Y,Y,4,Southeast,2026-04-01
CASE900606,IND100006,1GC785025731790,OnBoarding,Hardware Replacement,Phone,2026-04-27 12:00:00,2026-04-28 05:32:41.140050,0.73,Y,Y,5,Southeast,2026-04-01
CASE900607,IND100020,1GC361826054325,OnBoarding,Other,Mobile App,2026-04-22 07:00:00,2026-04-22 12:18:41.999435,0.22,Y,Y,4,West,2026-04-01
CASE900608,IND100125,1GC544591737319,WiFi,Hotspot: SSID and Password,Phone,2026-04-05 21:00:00,2026-04-08 14:47:55.534350,2.74,N,N,3,Southeast,2026-04-01
CASE900609,IND100069,1GC493045650308,OnBoarding,BBWC,IVR,2026-04-19 14:00:00,2026-04-21 08:10:56.171459,1.76,N,Y,5,Southeast,2026-04-01
CASE900610,IND100003,1GC727631226152,Infotainment,App Not Working,Phone,2026-04-14 03:00:00,2026-04-14 19:17:49.340997,0.68,Y,N,4,Southwest,2026-04-01
CASE900611,IND100065,1GC598221460591,Infotainment,Other,Chat,2026-04-20 21:00:00,2026-04-21 00:55:41.178521,0.16,Y,Y,4,Southeast,2026-04-01
CASE900612,IND100019,1GC957609455561,Infotainment,App Not Working,Chat,2026-04-16 01:00:00,2026-04-16 11:15:03.720369,0.43,Y,Y,5,Northeast,2026-04-01
CASE900613,IND100002,1GC226224180098,WiFi,No / Slow Internet,Mobile App,2026-04-02 13:00:00,2026-04-03 00:38:19.080848,0.48,Y,Y,5,Northeast,2026-04-01
CASE900614,IND100007,1GC807457874748,WiFi,No / Slow Internet,Mobile App,2026-04-06 02:00:00,2026-04-06 20:46:04.878232,0.78,Y,Y,2,Northeast,2026-04-01
CASE900615,IND100112,1GC375360961735,WiFi,No / Slow Internet,Dealer,2026-04-20 22:00:00,2026-04-21 03:50:41.569346,0.24,Y,Y,2,Midwest,2026-04-01
CASE900616,IND100006,1GC785025731790,Infotainment,App Not Working,Phone,2026-04-02 14:00:00,2026-04-04 08:02:31.701692,1.75,N,Y,3,Southeast,2026-04-01
CASE900617,IND100000,1GC843662731774,WiFi,Hotspot: Data Not Shared / Disabled,Phone,2026-04-08 06:00:00,2026-04-08 13:58:39.881092,0.33,Y,N,4,Midwest,2026-04-01
CASE900618,IND100146,1GC398412097607,Infotainment,App Not Working,Chat,2026-04-03 09:00:00,2026-04-04 03:07:53.431814,0.76,Y,Y,4,Southeast,2026-04-01
CASE900619,IND100007,1GC807457874748,Infotainment,Other,Chat,2026-04-22 20:00:00,2026-04-25 21:52:34.264676,3.08,N,Y,4,Northeast,2026-04-01
CASE900620,IND100071,1GC467675779351,Infotainment,Other,IVR,2026-04-27 14:00:00,2026-04-27 16:42:01.419091,0.11,Y,Y,3,Southeast,2026-04-01
CASE900621,IND100138,1GC804461704524,WiFi,No / Slow Internet,Phone,2026-04-10 20:00:00,2026-04-10 22:10:21.280034,0.09,Y,Y,3,Midwest,2026-04-01
CASE900622,IND100029,1GC773747217510,Infotainment,DIC (Driver Information Center),Mobile App,2026-04-16 00:00:00,2026-04-16 00:28:48.000000,0.02,Y,Y,5,West,2026-04-01
CASE900623,IND100011,1GC924410660622,Infotainment,DIC (Driver Information Center),Mobile App,2026-04-05 14:00:00,2026-04-06 10:42:38.212604,0.86,Y,Y,4,Northeast,2026-04-01
CASE900624,IND100092,1GC501540648016,WiFi,Hotspot: SSID and Password,Phone,2026-04-21 04:00:00,2026-04-21 21:07:09.676578,0.71,Y,Y,5,West,2026-04-01
CASE900625,IND100127,1GC230071769979,OnBoarding,Enroll Vehicle,Mobile App,2026-04-12 05:00:00,2026-04-12 10:37:22.433217,0.23,Y,N,3,West,2026-04-01
CASE900626,IND100124,1GC137452756475,OnBoarding,Hardware Replacement,Dealer,2026-04-10 03:00:00,2026-04-10 17:33:58.791679,0.61,Y,Y,3,Midwest,2026-04-01
CASE900627,IND100101,1GC729736420428,WiFi,No / Slow Internet,Dealer,2026-04-06 20:00:00,2026-04-07 02:57:59.551203,0.29,Y,Y,5,Southeast,2026-04-01
CASE900628,IND100122,1GC175999889025,WiFi,Hotspot: SSID and Password,Phone,2026-04-20 05:00:00,2026-04-20 12:53:52.970124,0.33,Y,N,4,Southeast,2026-04-01
CASE900629,IND100026,1GC491587354002,OnBoarding,BBWC,Phone,2026-04-21 22:00:00,2026-04-22 16:29:15.857066,0.77,Y,Y,4,Northeast,2026-04-01
CASE900630,IND100028,1GC238860542860,OnBoarding,Other,Phone,2026-04-07 04:00:00,2026-04-08 02:59:26.087676,0.96,Y,Y,4,Southeast,2026-04-01
CASE900631,IND100097,1GC178884927384,WiFi,No / Slow Internet,Phone,2026-04-08 23:00:00,2026-04-09 11:35:31.318028,0.52,Y,Y,4,Southwest,2026-04-01
CASE900632,IND100135,1GC120523483926,OnBoarding,Other,Phone,2026-04-01 19:00:00,2026-04-02 10:43:32.434276,0.66,Y,Y,3,Southeast,2026-04-01
CASE900633,IND100043,1GC381129977243,OnBoarding,Other,Phone,2026-04-21 03:00:00,2026-04-21 14:21:25.449306,0.47,Y,Y,3,Midwest,2026-04-01
CASE900634,IND100133,1GC412182824081,WiFi,Other,Phone,2026-04-02 02:00:00,2026-04-02 13:09:45.040605,0.47,Y,Y,3,West,2026-04-01
CASE900635,IND100047,1GC359495293536,Infotainment,DIC (Driver Information Center),Mobile App,2026-04-22 04:00:00,2026-04-22 14:21:11.539769,0.43,Y,Y,4,West,2026-04-01
CASE900636,IND100021,1GC563551416308,WiFi,No / Slow Internet,Phone,2026-04-23 04:00:00,2026-04-24 07:40:13.812748,1.15,N,N,5,Southeast,2026-04-01
CASE900637,IND100108,1GC186751865938,WiFi,No / Slow Internet,Phone,2026-04-20 22:00:00,2026-04-21 15:42:42.552249,0.74,Y,Y,4,Northeast,2026-04-01
CASE900638,IND100017,1GC827426324857,OnBoarding,Enroll Vehicle,Phone,2026-04-20 21:00:00,2026-04-22 18:00:15.604196,1.88,N,Y,5,Southwest,2026-04-01
CASE900639,IND100035,1GC270524223175,OnBoarding,Other,Dealer,2026-04-26 15:00:00,2026-04-28 03:39:21.749693,1.53,N,Y,5,Northeast,2026-04-01
CASE900640,IND100014,1GC499072778944,OnBoarding,Hardware Replacement,Phone,2026-04-02 10:00:00,2026-04-02 16:20:15.798933,0.26,Y,Y,5,Southeast,2026-04-01
CASE900641,IND100138,1GC804461704524,OnBoarding,Hardware Replacement,Dealer,2026-04-18 14:00:00,2026-04-18 21:13:01.830298,0.3,Y,Y,4,Midwest,2026-04-01
CASE900642,IND100123,1GC474226661953,OnBoarding,Other,Dealer,2026-04-16 12:00:00,2026-04-17 09:30:46.681166,0.9,Y,Y,5,West,2026-04-01
CASE900643,IND100009,1GC791782742725,OnBoarding,Hardware Replacement,Phone,2026-04-19 09:00:00,2026-04-19 13:15:25.510649,0.18,Y,Y,5,West,2026-04-01
CASE900644,IND100099,1GC965707898093,OnBoarding,Other,Mobile App,2026-04-27 21:00:00,2026-04-28 02:32:52.910265,0.23,Y,Y,5,West,2026-04-01
CASE900645,IND100036,1GC216929354801,WiFi,Hotspot: SSID and Password,Chat,2026-04-27 21:00:00,2026-04-28 03:10:22.649520,0.26,Y,Y,4,Northeast,2026-04-01
CASE900646,IND100010,1GC196966851360,OnBoarding,Other,Phone,2026-04-14 05:00:00,2026-04-14 13:22:22.497326,0.35,Y,Y,3,Southwest,2026-04-01
CASE900647,IND100006,1GC785025731790,OnBoarding,Hardware Replacement,IVR,2026-04-06 16:00:00,2026-04-09 08:07:57.462770,2.67,N,N,4,Southeast,2026-04-01
CASE900648,IND100139,1GC174456999930,OnBoarding,Hardware Replacement,IVR,2026-04-06 10:00:00,2026-04-06 12:42:35.808394,0.11,Y,Y,3,West,2026-04-01
CASE900649,IND100080,1GC697882186293,WiFi,No / Slow Internet,Mobile App,2026-04-27 08:00:00,2026-04-27 12:29:01.872704,0.19,Y,N,3,Southwest,2026-04-01
CASE900650,IND100135,1GC120523483926,Infotainment,App Not Working,Dealer,2026-04-19 19:00:00,2026-04-19 21:11:59.585609,0.09,Y,Y,5,Southeast,2026-04-01
CASE900651,IND100109,1GC912342156888,Infotainment,App Not Working,IVR,2026-04-26 07:00:00,2026-04-27 03:59:45.424224,0.87,Y,Y,4,Northeast,2026-04-01
CASE900652,IND100028,1GC238860542860,OnBoarding,Hardware Replacement,Phone,2026-04-05 00:00:00,2026-04-06 00:22:06.680216,1.02,N,N,3,Southeast,2026-04-01
CASE900653,IND100020,1GC361826054325,Infotainment,On Screen Messages,Mobile App,2026-04-01 02:00:00,2026-04-02 23:05:26.408175,1.88,N,Y,4,West,2026-04-01
CASE900654,IND100031,1GC970758759189,Infotainment,App Not Working,Phone,2026-04-27 06:00:00,2026-04-28 06:23:58.410980,1.02,N,Y,4,Southwest,2026-04-01
CASE900655,IND100065,1GC598221460591,WiFi,Hotspot: Data Not Shared / Disabled,Dealer,2026-04-15 09:00:00,2026-04-15 09:41:55.875435,0.03,Y,Y,5,Southeast,2026-04-01
CASE900656,IND100108,1GC186751865938,OnBoarding,Enroll Vehicle,Phone,2026-04-07 15:00:00,2026-04-10 02:13:53.338928,2.47,N,N,3,Northeast,2026-04-01
CASE900657,IND100136,1GC962703291916,OnBoarding,Hardware Replacement,Mobile App,2026-04-16 23:00:00,2026-04-17 05:32:52.660488,0.27,Y,Y,3,West,2026-04-01
CASE900658,IND100057,1GC611867076357,WiFi,No / Slow Internet,Chat,2026-04-27 17:00:00,2026-04-27 20:25:55.089650,0.14,Y,N,3,Northeast,2026-04-01
CASE900659,IND100130,1GC253533671683,WiFi,No / Slow Internet,Chat,2026-04-15 11:00:00,2026-04-16 17:40:43.338697,1.28,N,Y,5,West,2026-04-01
CASE900660,IND100070,1GC293126205537,OnBoarding,BBWC,IVR,2026-05-25 01:00:00,2026-05-25 12:23:39.883989,0.47,Y,Y,4,Northeast,2026-05-01
CASE900661,IND100062,1GC608712495832,OnBoarding,Hardware Replacement,Phone,2026-05-22 09:00:00,2026-05-23 15:57:13.022818,1.29,N,Y,5,West,2026-05-01
CASE900662,IND100019,1GC957609455561,OnBoarding,Hardware Replacement,Mobile App,2026-05-06 13:00:00,2026-05-07 03:54:54.593902,0.62,Y,Y,2,Northeast,2026-05-01
CASE900663,IND100083,1GC250275627916,Infotainment,App Not Working,Phone,2026-05-23 21:00:00,2026-05-24 17:28:09.810797,0.85,Y,Y,4,West,2026-05-01
CASE900664,IND100016,1GC599126308313,Infotainment,App Not Working,Chat,2026-05-24 17:00:00,2026-05-25 03:46:41.980260,0.45,Y,Y,3,Midwest,2026-05-01
CASE900665,IND100055,1GC802656127918,Infotainment,On Screen Messages,Dealer,2026-05-21 05:00:00,2026-05-22 11:19:03.330077,1.26,N,Y,3,Southeast,2026-05-01
CASE900666,IND100022,1GC330368581510,OnBoarding,BBWC,Dealer,2026-05-03 16:00:00,2026-05-03 20:36:34.929657,0.19,Y,Y,5,Southwest,2026-05-01
CASE900667,IND100105,1GC745201170242,OnBoarding,BBWC,Phone,2026-05-13 03:00:00,2026-05-14 03:12:15.395190,1.01,N,N,4,Southeast,2026-05-01
CASE900668,IND100133,1GC412182824081,OnBoarding,Other,Dealer,2026-05-04 04:00:00,2026-05-04 06:03:37.656430,0.09,Y,N,5,West,2026-05-01
CASE900669,IND100004,1GC184759613098,OnBoarding,Hardware Replacement,Dealer,2026-05-18 19:00:00,2026-05-20 02:00:02.351954,1.29,N,Y,4,Midwest,2026-05-01
CASE900670,IND100089,1GC550940297592,Infotainment,Other,Phone,2026-05-14 10:00:00,2026-05-15 08:48:33.850647,0.95,Y,N,3,West,2026-05-01
CASE900671,IND100067,1GC373555088256,WiFi,No / Slow Internet,Phone,2026-05-09 10:00:00,2026-05-10 04:04:03.480290,0.75,Y,Y,5,Midwest,2026-05-01
CASE900672,IND100034,1GC522600230147,OnBoarding,Enroll Vehicle,Chat,2026-05-23 10:00:00,2026-05-24 19:20:21.804556,1.39,N,Y,5,Southeast,2026-05-01
CASE900673,IND100073,1GC310545537278,WiFi,Hotspot: SSID and Password,Chat,2026-05-10 09:00:00,2026-05-11 16:03:31.529162,1.29,N,Y,4,Southeast,2026-05-01
CASE900674,IND100065,1GC598221460591,OnBoarding,Enroll Vehicle,Chat,2026-05-13 01:00:00,2026-05-13 02:49:15.977860,0.08,Y,N,3,Southeast,2026-05-01
CASE900675,IND100126,1GC396875091099,OnBoarding,Enroll Vehicle,Dealer,2026-05-12 12:00:00,2026-05-12 15:45:01.983430,0.16,Y,N,5,Midwest,2026-05-01
CASE900676,IND100053,1GC698365770932,WiFi,Hotspot: SSID and Password,Chat,2026-05-20 20:00:00,2026-05-24 02:18:08.938458,3.26,N,Y,5,Northeast,2026-05-01
CASE900677,IND100008,1GC754295152857,WiFi,No / Slow Internet,Phone,2026-05-08 19:00:00,2026-05-10 03:53:14.110592,1.37,N,N,3,Southeast,2026-05-01
CASE900678,IND100026,1GC520048903353,Infotainment,App Not Working,IVR,2026-05-10 07:00:00,2026-05-13 05:41:17.967826,2.95,N,Y,4,Northeast,2026-05-01
CASE900679,IND100099,1GC965707898093,WiFi,Hotspot: Data Not Shared / Disabled,Mobile App,2026-05-13 21:00:00,2026-05-14 23:00:31.432766,1.08,N,Y,4,West,2026-05-01
CASE900680,IND100033,1GC433413735431,Infotainment,App Not Working,Phone,2026-05-05 17:00:00,2026-05-06 10:27:21.799002,0.73,Y,N,4,Midwest,2026-05-01
CASE900681,IND100137,1GC534073093248,OnBoarding,Other,IVR,2026-05-17 16:00:00,2026-05-18 12:44:32.633383,0.86,Y,Y,4,West,2026-05-01
CASE900682,IND100090,1GC237080892441,Infotainment,Other,Mobile App,2026-05-06 12:00:00,2026-05-09 08:56:41.466563,2.87,N,Y,3,Southwest,2026-05-01
CASE900683,IND100014,1GC499072778944,OnBoarding,BBWC,Chat,2026-05-15 15:00:00,2026-05-16 19:38:58.210099,1.19,N,Y,4,Southeast,2026-05-01
CASE900684,IND100136,1GC962703291916,OnBoarding,Enroll Vehicle,Phone,2026-05-10 07:00:00,2026-05-13 00:27:31.006248,2.73,N,Y,5,West,2026-05-01
CASE900685,IND100080,1GC697882186293,OnBoarding,Other,Phone,2026-05-13 10:00:00,2026-05-13 18:35:39.995452,0.36,Y,Y,5,Southwest,2026-05-01
CASE900686,IND100067,1GC373555088256,OnBoarding,Hardware Replacement,Mobile App,2026-05-21 16:00:00,2026-05-23 10:58:05.129805,1.79,N,Y,5,Midwest,2026-05-01
CASE900687,IND100000,1GC843662731774,Infotainment,On Screen Messages,Chat,2026-05-25 09:00:00,2026-05-29 09:54:09.996934,4.04,N,Y,5,Midwest,2026-05-01
CASE900688,IND100065,1GC598221460591,OnBoarding,Hardware Replacement,Chat,2026-05-01 22:00:00,2026-05-03 01:01:05.038594,1.13,N,Y,5,Southeast,2026-05-01
CASE900689,IND100003,1GC727631226152,OnBoarding,Other,Phone,2026-05-17 05:00:00,2026-05-18 16:26:19.415723,1.48,N,Y,4,Southwest,2026-05-01
CASE900690,IND100103,1GC972258739611,Infotainment,App Not Working,Chat,2026-05-11 00:00:00,2026-05-11 16:41:00.994787,0.7,Y,Y,2,West,2026-05-01
CASE900691,IND100101,1GC729736420428,OnBoarding,Hardware Replacement,Dealer,2026-05-20 23:00:00,2026-05-21 09:56:02.616814,0.46,Y,N,4,Southeast,2026-05-01
CASE900692,IND100131,1GC932608106538,OnBoarding,Hardware Replacement,IVR,2026-05-08 14:00:00,2026-05-08 16:15:44.653367,0.09,Y,N,5,Southeast,2026-05-01
CASE900693,IND100115,1GC870952855682,WiFi,No / Slow Internet,Phone,2026-05-07 22:00:00,2026-05-08 02:27:22.314547,0.19,Y,Y,3,Midwest,2026-05-01
CASE900694,IND100002,1GC226224180098,Infotainment,On Screen Messages,Mobile App,2026-05-10 12:00:00,2026-05-10 23:37:47.848339,0.48,Y,Y,2,Northeast,2026-05-01
CASE900695,IND100090,1GC237080892441,OnBoarding,Other,Phone,2026-05-07 19:00:00,2026-05-08 08:15:19.729937,0.55,Y,Y,3,Southwest,2026-05-01
CASE900696,IND100013,1GC133671300558,WiFi,Other,Phone,2026-05-24 21:00:00,2026-05-25 10:36:48.118723,0.57,Y,Y,3,Northeast,2026-05-01
CASE900697,IND100054,1GC734648840762,Infotainment,DIC (Driver Information Center),Mobile App,2026-05-25 10:00:00,2026-05-25 19:48:18.579542,0.41,Y,N,4,Southwest,2026-05-01
CASE900698,IND100079,1GC805508388194,OnBoarding,Hardware Replacement,Mobile App,2026-05-26 04:00:00,2026-05-26 04:28:48.000000,0.02,Y,Y,5,Midwest,2026-05-01
CASE900699,IND100094,1GC371360880232,OnBoarding,Other,Phone,2026-05-09 12:00:00,2026-05-09 12:28:48.000000,0.02,Y,Y,5,Southeast,2026-05-01
CASE900700,IND100023,1GC942439213043,OnBoarding,Enroll Vehicle,Phone,2026-05-18 00:00:00,2026-05-18 00:28:48.000000,0.02,Y,N,3,Midwest,2026-05-01
CASE900701,IND100094,1GC371360880232,OnBoarding,Enroll Vehicle,Phone,2026-05-18 10:00:00,2026-05-19 03:02:06.614208,0.71,Y,Y,3,Southeast,2026-05-01
CASE900702,IND100116,1GC782667576850,OnBoarding,Hardware Replacement,Phone,2026-05-12 23:00:00,2026-05-13 08:34:55.473321,0.4,Y,Y,5,Southeast,2026-05-01
CASE900703,IND100040,1GC493436726984,OnBoarding,Enroll Vehicle,Chat,2026-05-24 01:00:00,2026-05-24 05:24:17.478718,0.18,Y,Y,3,Southwest,2026-05-01
CASE900704,IND100015,1GC304514849606,OnBoarding,BBWC,Phone,2026-05-26 04:00:00,2026-05-26 08:50:26.669483,0.2,Y,Y,4,Midwest,2026-05-01
CASE900705,IND100108,1GC186751865938,Infotainment,On Screen Messages,Chat,2026-05-07 09:00:00,2026-05-08 04:56:12.225121,0.83,Y,Y,4,Northeast,2026-05-01
CASE900706,IND100012,1GC679478608071,WiFi,No / Slow Internet,Phone,2026-05-13 15:00:00,2026-05-14 06:55:52.591059,0.66,Y,Y,5,Southeast,2026-05-01
CASE900707,IND100046,1GC448730541126,WiFi,No / Slow Internet,Mobile App,2026-05-06 07:00:00,2026-05-06 09:58:55.906937,0.12,Y,Y,5,Southeast,2026-05-01
CASE900708,IND100054,1GC734648840762,OnBoarding,Hardware Replacement,Phone,2026-05-09 14:00:00,2026-05-10 14:10:46.497224,1.01,N,Y,5,Southwest,2026-05-01
CASE900709,IND100020,1GC361826054325,OnBoarding,Hardware Replacement,Phone,2026-05-02 13:00:00,2026-05-02 15:40:16.098418,0.11,Y,N,4,West,2026-05-01
CASE900710,IND100088,1GC245144601130,WiFi,Hotspot: SSID and Password,Dealer,2026-05-18 10:00:00,2026-05-19 10:51:07.591896,1.04,N,Y,5,Southwest,2026-05-01
CASE900711,IND100082,1GC832618346198,Infotainment,DIC (Driver Information Center),Mobile App,2026-05-13 04:00:00,2026-05-13 11:38:21.333390,0.32,Y,Y,4,Southeast,2026-05-01
CASE900712,IND100033,1GC433413735431,OnBoarding,Other,Phone,2026-05-04 09:00:00,2026-05-05 14:05:36.190898,1.21,N,Y,4,Midwest,2026-05-01
CASE900713,IND100109,1GC912342156888,WiFi,No / Slow Internet,Phone,2026-05-05 00:00:00,2026-05-05 21:08:19.128821,0.88,Y,Y,4,Northeast,2026-05-01
CASE900714,IND100104,1GC800875813568,OnBoarding,Hardware Replacement,Phone,2026-05-14 05:00:00,2026-05-15 07:29:21.561959,1.1,N,Y,4,Southeast,2026-05-01
CASE900715,IND100026,1GC520048903353,WiFi,No / Slow Internet,Phone,2026-05-19 08:00:00,2026-05-19 12:34:35.794936,0.19,Y,Y,3,Northeast,2026-05-01
CASE900716,IND100110,1GC510198660849,OnBoarding,BBWC,Phone,2026-05-20 11:00:00,2026-05-21 10:09:47.316598,0.97,Y,Y,3,West,2026-05-01
CASE900717,IND100023,1GC903809009189,WiFi,Hotspot: Data Not Shared / Disabled,Chat,2026-05-03 12:00:00,2026-05-03 16:19:34.364669,0.18,Y,Y,4,Midwest,2026-05-01
CASE900718,IND100079,1GC805508388194,OnBoarding,Hardware Replacement,Phone,2026-05-25 20:00:00,2026-05-26 01:15:02.045411,0.22,Y,Y,4,Midwest,2026-05-01
CASE900719,IND100028,1GC902509539628,OnBoarding,Hardware Replacement,Chat,2026-05-21 11:00:00,2026-05-24 20:24:54.027216,3.39,N,Y,4,Southeast,2026-05-01
CASE900720,IND100072,1GC868062765940,OnBoarding,BBWC,Chat,2026-05-01 17:00:00,2026-05-01 23:22:20.733015,0.27,Y,Y,5,Southeast,2026-05-01
CASE900721,IND100118,1GC488883735797,Infotainment,DIC (Driver Information Center),Phone,2026-05-01 18:00:00,2026-05-02 08:52:17.281775,0.62,Y,N,5,West,2026-05-01
CASE900722,IND100008,1GC754295152857,WiFi,No / Slow Internet,Phone,2026-05-07 04:00:00,2026-05-07 04:29:33.227163,0.02,Y,Y,3,Southeast,2026-05-01
CASE900723,IND100048,1GC714245953576,WiFi,No / Slow Internet,Mobile App,2026-05-05 15:00:00,2026-05-06 09:26:49.603340,0.77,Y,N,4,Midwest,2026-05-01
CASE900724,IND100021,1GC563551416308,WiFi,Hotspot: Data Not Shared / Disabled,Mobile App,2026-05-03 06:00:00,2026-05-04 21:27:03.608894,1.64,N,Y,3,Southeast,2026-05-01
CASE900725,IND100024,1GC248147035823,OnBoarding,Enroll Vehicle,Phone,2026-05-09 20:00:00,2026-05-09 23:31:38.312441,0.15,Y,N,4,Midwest,2026-05-01
CASE900726,IND100024,1GC800545147365,OnBoarding,Hardware Replacement,Dealer,2026-05-07 05:00:00,2026-05-07 19:35:30.001326,0.61,Y,N,5,Midwest,2026-05-01
CASE900727,IND100110,1GC510198660849,WiFi,Hotspot: SSID and Password,Chat,2026-05-15 17:00:00,2026-05-16 15:33:03.047622,0.94,Y,Y,4,West,2026-05-01
CASE900728,IND100028,1GC238860542860,OnBoarding,Hardware Replacement,Mobile App,2026-05-05 22:00:00,2026-05-06 02:49:19.643781,0.2,Y,Y,5,Southeast,2026-05-01
CASE900729,IND100050,1GC279917382227,OnBoarding,Other,IVR,2026-05-08 21:00:00,2026-05-10 00:12:45.497985,1.13,N,Y,3,Southeast,2026-05-01
CASE900730,IND100063,1GC788498971673,Infotainment,DIC (Driver Information Center),Dealer,2026-05-09 12:00:00,2026-05-12 15:24:25.609499,3.14,N,Y,4,Midwest,2026-05-01
CASE900731,IND100005,1GC705016083735,OnBoarding,Other,Mobile App,2026-05-21 17:00:00,2026-05-22 00:03:46.849010,0.29,Y,N,4,West,2026-05-01
CASE900732,IND100002,1GC872738127919,Infotainment,On Screen Messages,Phone,2026-05-02 15:00:00,2026-05-02 22:16:32.922730,0.3,Y,Y,4,Northeast,2026-05-01
CASE900733,IND100100,1GC917722621635,OnBoarding,Hardware Replacement,Phone,2026-05-26 04:00:00,2026-05-28 04:49:30.599335,2.03,N,Y,5,Midwest,2026-05-01
CASE900734,IND100003,1GC727631226152,OnBoarding,Other,IVR,2026-05-17 16:00:00,2026-05-18 18:00:57.863512,1.08,N,Y,4,Southwest,2026-05-01
CASE900735,IND100145,1GC340278096782,WiFi,No / Slow Internet,Dealer,2026-05-20 14:00:00,2026-05-21 16:51:20.866526,1.12,N,N,4,Midwest,2026-05-01
CASE900736,IND100100,1GC917722621635,WiFi,Hotspot: SSID and Password,Phone,2026-05-06 18:00:00,2026-05-08 12:30:28.357079,1.77,N,Y,4,Midwest,2026-05-01
CASE900737,IND100069,1GC493045650308,OnBoarding,Enroll Vehicle,Dealer,2026-05-13 09:00:00,2026-05-14 02:59:18.319794,0.75,Y,Y,4,Southeast,2026-05-01
CASE900738,IND100146,1GC398412097607,WiFi,No / Slow Internet,Chat,2026-05-09 23:00:00,2026-05-10 04:18:53.893504,0.22,Y,Y,5,Southeast,2026-05-01
CASE900739,IND100008,1GC754295152857,OnBoarding,Hardware Replacement,Phone,2026-05-04 00:00:00,2026-05-04 10:01:19.439565,0.42,Y,Y,4,Southeast,2026-05-01
CASE900740,IND100052,1GC808231939751,WiFi,No / Slow Internet,Phone,2026-05-22 01:00:00,2026-05-23 01:22:32.225331,1.02,N,Y,4,Southeast,2026-05-01
CASE900741,IND100127,1GC230071769979,WiFi,No / Slow Internet,Dealer,2026-05-26 07:00:00,2026-05-26 10:23:20.583442,0.14,Y,N,5,West,2026-05-01
CASE900742,IND100128,1GC193062670950,Infotainment,App Not Working,Phone,2026-05-07 21:00:00,2026-05-08 18:47:50.267613,0.91,Y,Y,4,West,2026-05-01
CASE900743,IND100073,1GC310545537278,OnBoarding,Hardware Replacement,Chat,2026-05-21 09:00:00,2026-05-22 05:42:30.191537,0.86,Y,Y,4,Southeast,2026-05-01
CASE900744,IND100085,1GC181043074697,OnBoarding,Hardware Replacement,Chat,2026-05-12 15:00:00,2026-05-12 15:28:48.000000,0.02,Y,Y,5,Northeast,2026-05-01
CASE900745,IND100134,1GC631823942332,Infotainment,On Screen Messages,Phone,2026-05-23 09:00:00,2026-05-24 03:41:21.590288,0.78,Y,Y,5,Southeast,2026-05-01
CASE900746,IND100084,1GC120440865820,Infotainment,App Not Working,IVR,2026-05-26 22:00:00,2026-05-26 22:28:48.000000,0.02,Y,Y,5,Northeast,2026-05-01
CASE900747,IND100039,1GC702832595213,WiFi,Hotspot: SSID and Password,Phone,2026-05-08 18:00:00,2026-05-09 16:45:01.489868,0.95,Y,Y,4,West,2026-05-01
CASE900748,IND100041,1GC849410376451,WiFi,Other,Chat,2026-05-08 00:00:00,2026-05-09 19:44:57.664477,1.82,N,Y,5,West,2026-05-01
CASE900749,IND100090,1GC237080892441,OnBoarding,Hardware Replacement,Phone,2026-05-16 00:00:00,2026-05-16 11:58:28.688223,0.5,Y,Y,3,Southwest,2026-05-01
CASE900750,IND100027,1GC139423389208,OnBoarding,Other,Chat,2026-05-05 22:00:00,2026-05-06 06:28:53.237686,0.35,Y,N,4,West,2026-05-01
CASE900751,IND100090,1GC237080892441,Infotainment,App Not Working,Phone,2026-05-23 01:00:00,2026-05-23 04:45:22.548705,0.16,Y,N,4,Southwest,2026-05-01
CASE900752,IND100140,1GC537992497753,OnBoarding,Other,Chat,2026-05-15 20:00:00,2026-05-16 07:28:25.165569,0.48,Y,N,5,Northeast,2026-05-01
CASE900753,IND100102,1GC339282965313,Infotainment,Other,Phone,2026-05-02 00:00:00,2026-05-02 15:28:04.514656,0.64,Y,Y,1,West,2026-05-01
CASE900754,IND100148,1GC495020314274,OnBoarding,Other,Mobile App,2026-05-26 02:00:00,2026-05-27 12:17:26.633400,1.43,N,N,5,Southwest,2026-05-01
CASE900755,IND100000,1GC843662731774,OnBoarding,BBWC,Phone,2026-05-14 00:00:00,2026-05-14 00:28:48.000000,0.02,Y,Y,5,Midwest,2026-05-01
CASE900756,IND100124,1GC137452756475,WiFi,No / Slow Internet,IVR,2026-05-13 20:00:00,2026-05-17 11:37:47.604655,3.65,N,N,3,Midwest,2026-05-01
CASE900757,IND100123,1GC474226661953,OnBoarding,Hardware Replacement,IVR,2026-05-17 17:00:00,2026-05-17 20:20:56.143981,0.14,Y,N,5,West,2026-05-01
CASE900758,IND100036,1GC216929354801,OnBoarding,Hardware Replacement,Phone,2026-05-15 05:00:00,2026-05-17 02:06:32.567985,1.88,N,Y,5,Northeast,2026-05-01
CASE900759,IND100136,1GC962703291916,OnBoarding,Hardware Replacement,Dealer,2026-05-03 21:00:00,2026-05-05 01:26:27.857312,1.19,N,Y,2,West,2026-05-01
CASE900760,IND100013,1GC133671300558,WiFi,Hotspot: SSID and Password,Phone,2026-05-03 05:00:00,2026-05-03 16:11:09.741708,0.47,Y,Y,4,Northeast,2026-05-01
CASE900761,IND100025,1GC275174837066,OnBoarding,Hardware Replacement,Chat,2026-05-13 23:00:00,2026-05-14 03:57:05.714242,0.21,Y,N,5,Southwest,2026-05-01
CASE900762,IND100066,1GC603286444670,Infotainment,Other,Dealer,2026-05-26 12:00:00,2026-06-01 07:13:20.993016,5.8,N,N,3,Southeast,2026-05-01
CASE900763,IND100114,1GC259095504645,OnBoarding,Enroll Vehicle,Chat,2026-05-09 04:00:00,2026-05-09 23:42:14.078672,0.82,Y,Y,3,Southeast,2026-05-01
CASE900764,IND100012,1GC679478608071,WiFi,Hotspot: Data Not Shared / Disabled,Phone,2026-05-09 16:00:00,2026-05-10 05:34:31.627218,0.57,Y,N,5,Southeast,2026-05-01
CASE900765,IND100119,1GC664577956631,WiFi,No / Slow Internet,Phone,2026-05-26 08:00:00,2026-05-27 03:56:23.531517,0.83,Y,Y,4,Midwest,2026-05-01
CASE900766,IND100098,1GC206205311908,WiFi,No / Slow Internet,Mobile App,2026-05-08 14:00:00,2026-05-09 19:10:28.052140,1.22,N,Y,4,Southwest,2026-05-01
CASE900767,IND100147,1GC568605162223,WiFi,No / Slow Internet,Phone,2026-05-03 05:00:00,2026-05-03 17:26:54.332976,0.52,Y,Y,5,West,2026-05-01
CASE900768,IND100027,1GC993138007649,WiFi,Hotspot: Data Not Shared / Disabled,Mobile App,2026-05-15 04:00:00,2026-05-16 17:20:33.615951,1.56,N,Y,5,West,2026-05-01
CASE900769,IND100086,1GC750123415536,Infotainment,App Not Working,Chat,2026-05-25 09:00:00,2026-05-26 13:58:10.300825,1.21,N,Y,5,Midwest,2026-05-01
CASE900770,IND100026,1GC520048903353,Infotainment,Other,Chat,2026-05-05 03:00:00,2026-05-08 04:15:40.519721,3.05,N,N,3,Northeast,2026-05-01
CASE900771,IND100102,1GC339282965313,OnBoarding,Hardware Replacement,Chat,2026-05-04 20:00:00,2026-05-05 04:18:23.025448,0.35,Y,Y,4,West,2026-05-01
CASE900772,IND100007,1GC807457874748,WiFi,No / Slow Internet,Mobile App,2026-05-20 00:00:00,2026-05-20 22:59:20.244512,0.96,Y,Y,4,Northeast,2026-05-01
CASE900773,IND100075,1GC353245502819,WiFi,Other,Phone,2026-05-26 03:00:00,2026-05-27 19:45:59.731483,1.7,N,Y,4,Northeast,2026-05-01
CASE900774,IND100083,1GC250275627916,OnBoarding,Hardware Replacement,Phone,2026-05-07 06:00:00,2026-05-07 20:42:53.080031,0.61,Y,Y,4,West,2026-05-01
CASE900775,IND100081,1GC465748175295,Infotainment,On Screen Messages,Phone,2026-05-20 11:00:00,2026-05-21 19:30:00.109045,1.35,N,Y,4,West,2026-05-01
CASE900776,IND100006,1GC353110405454,WiFi,No / Slow Internet,Phone,2026-05-24 00:00:00,2026-05-24 19:47:19.906703,0.82,Y,Y,2,Southeast,2026-05-01
CASE900777,IND100122,1GC175999889025,WiFi,No / Slow Internet,Phone,2026-05-08 04:00:00,2026-05-08 17:44:11.178823,0.57,Y,N,3,Southeast,2026-05-01
CASE900778,IND100008,1GC215302269407,OnBoarding,Enroll Vehicle,Phone,2026-05-14 13:00:00,2026-05-14 16:01:40.190692,0.13,Y,Y,3,Southeast,2026-05-01
CASE900779,IND100139,1GC174456999930,OnBoarding,Enroll Vehicle,Mobile App,2026-05-04 23:00:00,2026-05-07 15:54:47.419527,2.7,N,Y,2,West,2026-05-01
CASE900780,IND100018,1GC385425003540,WiFi,No / Slow Internet,Chat,2026-05-15 15:00:00,2026-05-16 08:02:16.211097,0.71,Y,Y,3,West,2026-05-01
CASE900781,IND100046,1GC448730541126,OnBoarding,Enroll Vehicle,Phone,2026-05-13 03:00:00,2026-05-17 00:07:55.121666,3.88,N,Y,5,Southeast,2026-05-01
CASE900782,IND100017,1GC827426324857,OnBoarding,Other,Phone,2026-05-12 06:00:00,2026-05-13 20:49:38.820326,1.62,N,Y,3,Southwest,2026-05-01
CASE900783,IND100044,1GC849033821254,WiFi,Other,Mobile App,2026-05-22 17:00:00,2026-05-25 08:32:20.199851,2.65,N,Y,2,Midwest,2026-05-01
CASE900784,IND100013,1GC840485451942,WiFi,Hotspot: Data Not Shared / Disabled,IVR,2026-05-10 00:00:00,2026-05-10 04:03:10.817046,0.17,Y,N,4,Northeast,2026-05-01
CASE900785,IND100123,1GC474226661953,OnBoarding,Enroll Vehicle,Dealer,2026-05-26 01:00:00,2026-05-27 02:41:39.393801,1.07,N,Y,5,West,2026-05-01
CASE900786,IND100039,1GC702832595213,OnBoarding,Hardware Replacement,Chat,2026-05-19 02:00:00,2026-05-22 11:26:06.329539,3.39,N,Y,4,West,2026-05-01
CASE900787,IND100141,1GC541636294918,OnBoarding,Enroll Vehicle,Mobile App,2026-05-06 14:00:00,2026-05-07 01:24:07.122862,0.48,Y,N,5,Northeast,2026-05-01
CASE900788,IND100104,1GC800875813568,WiFi,No / Slow Internet,Chat,2026-05-20 21:00:00,2026-05-23 08:10:25.961639,2.47,N,N,4,Southeast,2026-05-01
CASE900789,IND100140,1GC537992497753,OnBoarding,BBWC,Dealer,2026-05-11 23:00:00,2026-05-12 05:33:58.574053,0.27,Y,Y,3,Northeast,2026-05-01
CASE900790,IND100132,1GC622955025729,OnBoarding,Hardware Replacement,Mobile App,2026-05-24 11:00:00,2026-05-27 01:32:58.870765,2.61,N,N,5,West,2026-05-01
CASE900791,IND100013,1GC133671300558,OnBoarding,Hardware Replacement,Phone,2026-05-01 01:00:00,2026-05-01 06:22:19.030489,0.22,Y,N,5,Northeast,2026-05-01
CASE900792,IND100080,1GC697882186293,Infotainment,App Not Working,Dealer,2026-05-13 01:00:00,2026-05-16 02:09:20.607821,3.05,N,Y,4,Southwest,2026-05-01
CASE900793,IND100031,1GC970758759189,WiFi,Hotspot: SSID and Password,Phone,2026-05-26 09:00:00,2026-05-28 00:48:03.587608,1.66,N,Y,4,Southwest,2026-05-01
CASE900794,IND100131,1GC932608106538,WiFi,Hotspot: Data Not Shared / Disabled,Phone,2026-05-26 03:00:00,2026-05-26 10:38:56.311962,0.32,Y,Y,3,Southeast,2026-05-01
CASE900795,IND100117,1GC747516660355,WiFi,Other,Phone,2026-05-22 11:00:00,2026-05-23 03:20:14.669837,0.68,Y,Y,5,Midwest,2026-05-01
CASE900796,IND100018,1GC844868054792,OnBoarding,Other,Dealer,2026-05-07 21:00:00,2026-05-07 22:04:39.452283,0.04,Y,Y,5,West,2026-05-01
CASE900797,IND100102,1GC339282965313,WiFi,No / Slow Internet,Mobile App,2026-05-04 17:00:00,2026-05-05 03:20:40.318171,0.43,Y,Y,5,West,2026-05-01
CASE900798,IND100022,1GC330368581510,OnBoarding,Enroll Vehicle,Phone,2026-05-02 12:00:00,2026-05-03 19:05:25.318038,1.3,N,Y,3,Southwest,2026-05-01
CASE900799,IND100009,1GC505347344105,OnBoarding,Enroll Vehicle,Chat,2026-05-05 19:00:00,2026-05-06 08:51:09.245532,0.58,Y,Y,4,West,2026-05-01
CASE900800,IND100105,1GC745201170242,WiFi,Hotspot: SSID and Password,Phone,2026-05-23 08:00:00,2026-05-23 15:06:16.857141,0.3,Y,N,3,Southeast,2026-05-01
CASE900801,IND100036,1GC216929354801,WiFi,No / Slow Internet,Mobile App,2026-05-02 18:00:00,2026-05-03 10:49:22.610371,0.7,Y,Y,5,Northeast,2026-05-01
CASE900802,IND100011,1GC934088489962,Infotainment,App Not Working,Chat,2026-05-18 13:00:00,2026-05-18 17:17:52.266392,0.18,Y,Y,4,Northeast,2026-05-01
CASE900803,IND100109,1GC912342156888,OnBoarding,Other,Mobile App,2026-05-01 06:00:00,2026-05-04 05:49:02.979407,2.99,N,N,4,Northeast,2026-05-01
CASE900804,IND100017,1GC157435530493,WiFi,No / Slow Internet,IVR,2026-05-19 03:00:00,2026-05-19 11:48:18.280113,0.37,Y,Y,5,Southwest,2026-05-01
CASE900805,IND100024,1GC248147035823,WiFi,No / Slow Internet,IVR,2026-05-24 11:00:00,2026-05-24 23:25:51.369701,0.52,Y,Y,4,Midwest,2026-05-01
CASE900806,IND100060,1GC701562665610,Infotainment,On Screen Messages,Dealer,2026-05-23 05:00:00,2026-05-23 05:56:43.379659,0.04,Y,Y,5,Northeast,2026-05-01
CASE900807,IND100043,1GC381129977243,OnBoarding,Other,Mobile App,2026-05-06 16:00:00,2026-05-08 08:06:47.164233,1.67,N,Y,5,Midwest,2026-05-01
CASE900808,IND100077,1GC695724863253,OnBoarding,Enroll Vehicle,Chat,2026-05-15 15:00:00,2026-05-18 00:14:25.821079,2.39,N,Y,2,West,2026-05-01
CASE900809,IND100083,1GC250275627916,OnBoarding,Hardware Replacement,IVR,2026-05-18 08:00:00,2026-05-18 23:06:48.001695,0.63,Y,N,3,West,2026-05-01
CASE900810,IND100079,1GC805508388194,OnBoarding,Hardware Replacement,Phone,2026-05-20 15:00:00,2026-05-21 16:54:56.998966,1.08,N,Y,5,Midwest,2026-05-01
CASE900811,IND100094,1GC371360880232,OnBoarding,Enroll Vehicle,Mobile App,2026-05-26 18:00:00,2026-05-26 21:51:53.525732,0.16,Y,N,3,Southeast,2026-05-01
CASE900812,IND100137,1GC534073093248,WiFi,Hotspot: SSID and Password,Phone,2026-05-16 15:00:00,2026-05-17 07:33:03.522274,0.69,Y,N,4,West,2026-05-01
CASE900813,IND100081,1GC465748175295,WiFi,Hotspot: SSID and Password,Phone,2026-05-05 13:00:00,2026-05-07 11:53:46.575154,1.95,N,Y,4,West,2026-05-01
CASE900814,IND100122,1GC175999889025,OnBoarding,Other,Phone,2026-05-15 06:00:00,2026-05-16 01:53:10.299691,0.83,Y,N,5,Southeast,2026-05-01
CASE900815,IND100044,1GC849033821254,OnBoarding,Hardware Replacement,Chat,2026-05-02 03:00:00,2026-05-02 20:47:58.412138,0.74,Y,N,4,Midwest,2026-05-01
CASE900816,IND100019,1GC668497959209,WiFi,No / Slow Internet,Phone,2026-05-08 04:00:00,2026-05-10 21:27:57.727768,2.73,N,Y,5,Northeast,2026-05-01
CASE900817,IND100028,1GC238860542860,WiFi,No / Slow Internet,Phone,2026-05-16 16:00:00,2026-05-16 19:07:11.626752,0.13,Y,Y,3,Southeast,2026-05-01
CASE900818,IND100010,1GC196966851360,OnBoarding,Other,Phone,2026-05-21 15:00:00,2026-05-22 03:55:20.849642,0.54,Y,N,4,Southwest,2026-05-01
CASE900819,IND100057,1GC611867076357,OnBoarding,Enroll Vehicle,IVR,2026-05-27 06:00:00,2026-05-28 11:32:58.717680,1.23,N,N,4,Northeast,2026-05-01
CASE900820,IND100027,1GC139423389208,Infotainment,App Not Working,Phone,2026-05-24 10:00:00,2026-05-24 21:29:27.611938,0.48,Y,Y,5,West,2026-05-01
CASE900821,IND100106,1GC504425351928,WiFi,Hotspot: SSID and Password,Phone,2026-05-13 16:00:00,2026-05-13 21:54:20.894712,0.25,Y,Y,4,Southwest,2026-05-01
CASE900822,IND100124,1GC137452756475,OnBoarding,Enroll Vehicle,Chat,2026-05-06 11:00:00,2026-05-06 13:36:11.405092,0.11,Y,Y,5,Midwest,2026-05-01
CASE900823,IND100130,1GC253533671683,WiFi,No / Slow Internet,Phone,2026-05-15 22:00:00,2026-05-16 12:38:20.073874,0.61,Y,Y,3,West,2026-05-01
CASE900824,IND100004,1GC197718167021,OnBoarding,Enroll Vehicle,Chat,2026-05-01 19:00:00,2026-05-01 20:07:30.780061,0.05,Y,Y,3,Midwest,2026-05-01
CASE900825,IND100091,1GC726688337569,WiFi,Other,Chat,2026-06-11 12:00:00,2026-06-11 17:44:07.590107,0.24,Y,N,2,Southwest,2026-06-01
CASE900826,IND100053,1GC698365770932,Infotainment,Other,IVR,2026-06-07 05:00:00,2026-06-07 12:03:54.105336,0.29,Y,Y,4,Northeast,2026-06-01
CASE900827,IND100127,1GC230071769979,OnBoarding,Enroll Vehicle,Chat,2026-06-02 06:00:00,2026-06-03 03:00:52.660216,0.88,Y,Y,5,West,2026-06-01
CASE900828,IND100029,1GC714744057917,WiFi,No / Slow Internet,Phone,2026-06-17 00:00:00,2026-06-17 08:13:15.689567,0.34,Y,Y,4,West,2026-06-01
CASE900829,IND100018,1GC844868054792,OnBoarding,Hardware Replacement,Mobile App,2026-06-17 16:00:00,2026-06-17 22:55:54.711101,0.29,Y,Y,3,West,2026-06-01
CASE900830,IND100121,1GC684861941398,WiFi,No / Slow Internet,Mobile App,2026-06-22 07:00:00,2026-06-24 06:12:22.924071,1.97,N,Y,3,Midwest,2026-06-01
CASE900831,IND100013,1GC840485451942,WiFi,Hotspot: SSID and Password,Phone,2026-06-03 13:00:00,2026-06-03 15:46:17.240659,0.12,Y,Y,2,Northeast,2026-06-01
CASE900832,IND100022,1GC330368581510,WiFi,Other,Phone,2026-06-07 12:00:00,2026-06-08 01:12:24.642520,0.55,Y,Y,4,Southwest,2026-06-01
CASE900833,IND100148,1GC495020314274,WiFi,Other,Mobile App,2026-06-21 17:00:00,2026-06-21 20:32:37.288767,0.15,Y,Y,4,Southwest,2026-06-01
CASE900834,IND100123,1GC474226661953,OnBoarding,Hardware Replacement,Mobile App,2026-06-20 13:00:00,2026-06-21 19:44:34.489643,1.28,N,Y,3,West,2026-06-01
CASE900835,IND100097,1GC178884927384,Infotainment,Other,Phone,2026-06-12 12:00:00,2026-06-13 04:27:07.678135,0.69,Y,N,3,Southwest,2026-06-01
CASE900836,IND100076,1GC364234381989,OnBoarding,Hardware Replacement,Phone,2026-06-07 06:00:00,2026-06-07 19:44:57.914378,0.57,Y,Y,5,Midwest,2026-06-01
CASE900837,IND100009,1GC505347344105,WiFi,Hotspot: Data Not Shared / Disabled,Mobile App,2026-06-20 17:00:00,2026-06-21 11:10:04.338445,0.76,Y,Y,5,West,2026-06-01
CASE900838,IND100048,1GC714245953576,OnBoarding,Other,Phone,2026-06-26 10:00:00,2026-06-29 22:10:16.511394,3.51,N,Y,4,Midwest,2026-06-01
CASE900839,IND100119,1GC664577956631,WiFi,Hotspot: SSID and Password,Phone,2026-06-27 13:00:00,2026-06-29 00:18:44.580744,1.47,N,Y,4,Midwest,2026-06-01
CASE900840,IND100028,1GC902509539628,Infotainment,App Not Working,Chat,2026-06-03 21:00:00,2026-06-04 09:59:08.492296,0.54,Y,Y,3,Southeast,2026-06-01
CASE900841,IND100005,1GC705016083735,Infotainment,DIC (Driver Information Center),Dealer,2026-06-25 19:00:00,2026-06-26 00:02:22.434965,0.21,Y,N,5,West,2026-06-01
CASE900842,IND100127,1GC230071769979,WiFi,Hotspot: Data Not Shared / Disabled,Phone,2026-06-26 12:00:00,2026-06-26 20:04:22.459389,0.34,Y,N,3,West,2026-06-01
CASE900843,IND100071,1GC467675779351,OnBoarding,Hardware Replacement,IVR,2026-06-08 23:00:00,2026-06-10 15:53:52.996297,1.7,N,N,5,Southeast,2026-06-01
CASE900844,IND100100,1GC917722621635,OnBoarding,Hardware Replacement,Phone,2026-06-03 03:00:00,2026-06-03 10:42:19.044183,0.32,Y,Y,4,Midwest,2026-06-01
CASE900845,IND100106,1GC504425351928,Infotainment,App Not Working,Dealer,2026-06-25 06:00:00,2026-06-25 07:30:38.265312,0.06,Y,N,5,Southwest,2026-06-01
CASE900846,IND100010,1GC433718221808,WiFi,No / Slow Internet,Chat,2026-06-13 01:00:00,2026-06-16 07:29:44.238878,3.27,N,Y,5,Southwest,2026-06-01
CASE900847,IND100033,1GC433413735431,OnBoarding,Hardware Replacement,Phone,2026-06-02 03:00:00,2026-06-03 01:31:50.395399,0.94,Y,N,4,Midwest,2026-06-01
CASE900848,IND100057,1GC611867076357,WiFi,Hotspot: Data Not Shared / Disabled,Chat,2026-06-04 10:00:00,2026-06-05 13:25:32.454488,1.14,N,N,4,Northeast,2026-06-01
CASE900849,IND100135,1GC120523483926,Infotainment,On Screen Messages,Phone,2026-06-12 19:00:00,2026-06-12 19:28:48.000000,0.02,Y,Y,5,Southeast,2026-06-01
CASE900850,IND100010,1GC433718221808,WiFi,No / Slow Internet,Chat,2026-06-20 20:00:00,2026-06-22 14:31:17.827439,1.77,N,N,5,Southwest,2026-06-01
CASE900851,IND100027,1GC993138007649,WiFi,No / Slow Internet,Phone,2026-06-10 14:00:00,2026-06-11 02:19:34.045772,0.51,Y,N,4,West,2026-06-01
CASE900852,IND100114,1GC259095504645,WiFi,Hotspot: SSID and Password,Mobile App,2026-06-16 15:00:00,2026-06-17 06:05:45.940391,0.63,Y,Y,4,Southeast,2026-06-01
CASE900853,IND100004,1GC184759613098,OnBoarding,BBWC,Mobile App,2026-06-27 15:00:00,2026-06-30 08:35:24.180123,2.73,N,N,5,Midwest,2026-06-01
CASE900854,IND100043,1GC381129977243,WiFi,No / Slow Internet,Chat,2026-06-26 21:00:00,2026-06-27 15:03:30.370140,0.75,Y,Y,2,Midwest,2026-06-01
CASE900855,IND100010,1GC196966851360,WiFi,No / Slow Internet,Mobile App,2026-06-20 05:00:00,2026-06-20 21:03:37.312724,0.67,Y,Y,3,Southwest,2026-06-01
CASE900856,IND100025,1GC140419557453,OnBoarding,Hardware Replacement,Phone,2026-06-07 23:00:00,2026-06-08 08:57:53.603810,0.42,Y,N,3,Southwest,2026-06-01
CASE900857,IND100117,1GC747516660355,OnBoarding,Hardware Replacement,Mobile App,2026-06-13 18:00:00,2026-06-14 00:54:31.400612,0.29,Y,Y,5,Midwest,2026-06-01
CASE900858,IND100136,1GC962703291916,WiFi,No / Slow Internet,Mobile App,2026-06-14 08:00:00,2026-06-14 12:32:17.658479,0.19,Y,Y,4,West,2026-06-01
CASE900859,IND100118,1GC488883735797,WiFi,No / Slow Internet,Phone,2026-06-19 21:00:00,2026-06-20 01:35:05.292304,0.19,Y,Y,5,West,2026-06-01
CASE900860,IND100144,1GC526140460950,OnBoarding,Hardware Replacement,Phone,2026-06-01 03:00:00,2026-06-01 05:30:11.762219,0.1,Y,Y,4,West,2026-06-01
CASE900861,IND100051,1GC106626042775,OnBoarding,Enroll Vehicle,Phone,2026-06-07 05:00:00,2026-06-08 06:59:12.845340,1.08,N,Y,4,Northeast,2026-06-01
CASE900862,IND100078,1GC601328937106,WiFi,Other,Phone,2026-06-11 16:00:00,2026-06-11 16:28:48.000000,0.02,Y,Y,4,West,2026-06-01
CASE900863,IND100113,1GC621297612047,OnBoarding,Other,Chat,2026-06-03 21:00:00,2026-06-06 11:30:38.924716,2.6,N,Y,4,Southeast,2026-06-01
CASE900864,IND100002,1GC226224180098,WiFi,No / Slow Internet,Mobile App,2026-06-25 10:00:00,2026-06-25 22:18:02.700444,0.51,Y,Y,5,Northeast,2026-06-01
CASE900865,IND100089,1GC550940297592,OnBoarding,Hardware Replacement,Chat,2026-06-01 20:00:00,2026-06-01 20:29:19.040637,0.02,Y,N,5,West,2026-06-01
CASE900866,IND100146,1GC398412097607,OnBoarding,Hardware Replacement,Chat,2026-06-06 21:00:00,2026-06-07 03:40:36.250614,0.28,Y,N,4,Southeast,2026-06-01
CASE900867,IND100033,1GC433413735431,OnBoarding,Enroll Vehicle,Phone,2026-06-01 00:00:00,2026-06-01 05:09:16.794705,0.21,Y,Y,5,Midwest,2026-06-01
CASE900868,IND100019,1GC957609455561,WiFi,No / Slow Internet,Phone,2026-06-18 05:00:00,2026-06-18 07:50:27.554268,0.12,Y,Y,3,Northeast,2026-06-01
CASE900869,IND100110,1GC510198660849,Infotainment,App Not Working,Mobile App,2026-06-20 01:00:00,2026-06-20 03:58:07.947163,0.12,Y,Y,4,West,2026-06-01
CASE900870,IND100016,1GC846810768818,WiFi,No / Slow Internet,Phone,2026-06-23 08:00:00,2026-06-23 11:42:41.768421,0.15,Y,N,3,Midwest,2026-06-01
CASE900871,IND100118,1GC488883735797,WiFi,No / Slow Internet,Mobile App,2026-06-08 08:00:00,2026-06-09 00:23:00.181178,0.68,Y,Y,5,West,2026-06-01
CASE900872,IND100043,1GC381129977243,Infotainment,Other,Chat,2026-06-21 13:00:00,2026-06-21 15:59:19.952709,0.12,Y,Y,4,Midwest,2026-06-01
CASE900873,IND100139,1GC174456999930,Infotainment,DIC (Driver Information Center),Mobile App,2026-06-10 13:00:00,2026-06-13 09:11:01.014186,2.84,N,Y,5,West,2026-06-01
CASE900874,IND100062,1GC608712495832,WiFi,Hotspot: SSID and Password,Mobile App,2026-06-06 14:00:00,2026-06-07 12:52:16.864169,0.95,Y,Y,5,West,2026-06-01
CASE900875,IND100128,1GC193062670950,WiFi,Hotspot: SSID and Password,Dealer,2026-06-23 20:00:00,2026-06-24 00:24:13.710532,0.18,Y,Y,5,West,2026-06-01
CASE900876,IND100070,1GC293126205537,WiFi,Other,Phone,2026-06-16 07:00:00,2026-06-16 13:01:38.869984,0.25,Y,Y,5,Northeast,2026-06-01
CASE900877,IND100074,1GC152472467520,WiFi,Hotspot: SSID and Password,Phone,2026-06-03 02:00:00,2026-06-04 23:18:20.466123,1.89,N,N,4,Southwest,2026-06-01
CASE900878,IND100143,1GC614555247137,WiFi,Other,Phone,2026-06-19 09:00:00,2026-06-19 16:40:26.674722,0.32,Y,Y,4,Northeast,2026-06-01
CASE900879,IND100089,1GC550940297592,OnBoarding,Hardware Replacement,Mobile App,2026-06-11 16:00:00,2026-06-15 05:56:17.224764,3.58,N,Y,4,West,2026-06-01
CASE900880,IND100134,1GC631823942332,WiFi,No / Slow Internet,Phone,2026-06-23 15:00:00,2026-06-26 07:36:55.679826,2.69,N,N,3,Southeast,2026-06-01
CASE900881,IND100043,1GC381129977243,OnBoarding,BBWC,Phone,2026-06-09 16:00:00,2026-06-10 14:03:34.932887,0.92,Y,Y,3,Midwest,2026-06-01
CASE900882,IND100139,1GC174456999930,OnBoarding,Hardware Replacement,Phone,2026-06-13 13:00:00,2026-06-15 14:44:55.290488,2.07,N,Y,5,West,2026-06-01
CASE900883,IND100025,1GC275174837066,WiFi,No / Slow Internet,IVR,2026-06-06 12:00:00,2026-06-07 16:05:04.066335,1.17,N,Y,4,Southwest,2026-06-01
CASE900884,IND100092,1GC501540648016,WiFi,No / Slow Internet,Phone,2026-06-20 08:00:00,2026-06-20 12:58:53.063951,0.21,Y,Y,5,West,2026-06-01
CASE900885,IND100001,1GC906544694654,OnBoarding,Other,Dealer,2026-06-27 14:00:00,2026-06-28 07:13:37.672955,0.72,Y,Y,5,Northeast,2026-06-01
CASE900886,IND100088,1GC245144601130,WiFi,No / Slow Internet,Chat,2026-06-10 15:00:00,2026-06-10 19:30:09.817369,0.19,Y,Y,4,Southwest,2026-06-01
CASE900887,IND100066,1GC603286444670,OnBoarding,BBWC,Phone,2026-06-10 11:00:00,2026-06-14 10:39:02.577452,3.99,N,Y,5,Southeast,2026-06-01
CASE900888,IND100065,1GC598221460591,WiFi,No / Slow Internet,Mobile App,2026-06-11 05:00:00,2026-06-11 16:43:23.481047,0.49,Y,Y,4,Southeast,2026-06-01
CASE900889,IND100026,1GC491587354002,WiFi,Hotspot: SSID and Password,Mobile App,2026-06-10 22:00:00,2026-06-11 00:45:50.992888,0.12,Y,Y,5,Northeast,2026-06-01
CASE900890,IND100018,1GC385425003540,WiFi,No / Slow Internet,IVR,2026-06-08 19:00:00,2026-06-10 04:03:47.307265,1.38,N,Y,4,West,2026-06-01
CASE900891,IND100056,1GC513024197984,OnBoarding,BBWC,Phone,2026-06-15 13:00:00,2026-06-17 00:48:36.804737,1.49,N,N,5,Southwest,2026-06-01
CASE900892,IND100018,1GC385425003540,Infotainment,App Not Working,Chat,2026-06-17 16:00:00,2026-06-19 09:20:23.663353,1.72,N,Y,3,West,2026-06-01
CASE900893,IND100094,1GC371360880232,WiFi,No / Slow Internet,IVR,2026-06-19 11:00:00,2026-06-19 15:13:51.424613,0.18,Y,Y,4,Southeast,2026-06-01
CASE900894,IND100057,1GC611867076357,WiFi,No / Slow Internet,Phone,2026-06-19 19:00:00,2026-06-20 10:04:49.977677,0.63,Y,Y,5,Northeast,2026-06-01
CASE900895,IND100074,1GC152472467520,Infotainment,Other,Phone,2026-06-22 21:00:00,2026-06-23 12:34:06.816407,0.65,Y,Y,4,Southwest,2026-06-01
CASE900896,IND100048,1GC714245953576,OnBoarding,Enroll Vehicle,Dealer,2026-06-26 03:00:00,2026-06-26 06:01:56.160715,0.13,Y,Y,4,Midwest,2026-06-01
CASE900897,IND100039,1GC702832595213,WiFi,No / Slow Internet,Mobile App,2026-06-19 17:00:00,2026-06-20 14:29:08.107323,0.9,Y,Y,4,West,2026-06-01
CASE900898,IND100117,1GC747516660355,WiFi,Hotspot: Data Not Shared / Disabled,Mobile App,2026-06-04 01:00:00,2026-06-05 09:25:52.338652,1.35,N,N,4,Midwest,2026-06-01
CASE900899,IND100022,1GC330368581510,OnBoarding,Hardware Replacement,Mobile App,2026-06-18 16:00:00,2026-06-19 00:32:35.721018,0.36,Y,N,4,Southwest,2026-06-01
CASE900900,IND100005,1GC705016083735,WiFi,Other,Mobile App,2026-06-27 23:00:00,2026-06-28 11:59:02.970457,0.54,Y,N,3,West,2026-06-01
CASE900901,IND100025,1GC275174837066,OnBoarding,Other,Dealer,2026-06-03 06:00:00,2026-06-04 08:22:05.379173,1.1,N,Y,2,Southwest,2026-06-01
CASE900902,IND100146,1GC398412097607,WiFi,No / Slow Internet,IVR,2026-06-09 10:00:00,2026-06-09 10:28:48.000000,0.02,Y,Y,3,Southeast,2026-06-01
CASE900903,IND100004,1GC197718167021,WiFi,No / Slow Internet,Phone,2026-06-01 01:00:00,2026-06-01 04:29:59.966403,0.15,Y,Y,3,Midwest,2026-06-01
CASE900904,IND100021,1GC419073371316,WiFi,Other,Phone,2026-06-26 16:00:00,2026-06-28 09:49:45.734186,1.74,N,Y,3,Southeast,2026-06-01
CASE900905,IND100022,1GC973628221954,OnBoarding,Enroll Vehicle,Phone,2026-06-08 05:00:00,2026-06-09 07:32:12.694322,1.11,N,Y,4,Southwest,2026-06-01
CASE900906,IND100123,1GC474226661953,Infotainment,Other,Phone,2026-06-09 21:00:00,2026-06-10 15:17:29.633304,0.76,Y,Y,5,West,2026-06-01
CASE900907,IND100024,1GC800545147365,OnBoarding,Hardware Replacement,Phone,2026-06-01 11:00:00,2026-06-02 08:19:06.083242,0.89,Y,Y,5,Midwest,2026-06-01
CASE900908,IND100014,1GC499072778944,OnBoarding,Hardware Replacement,Chat,2026-06-22 10:00:00,2026-06-24 06:18:03.908364,1.85,N,Y,4,Southeast,2026-06-01
CASE900909,IND100057,1GC611867076357,WiFi,Hotspot: Data Not Shared / Disabled,Dealer,2026-06-22 22:00:00,2026-06-26 02:47:27.267952,3.2,N,Y,4,Northeast,2026-06-01
CASE900910,IND100149,1GC119450871892,WiFi,Hotspot: SSID and Password,Phone,2026-06-24 23:00:00,2026-06-24 23:39:08.320336,0.03,Y,Y,4,West,2026-06-01
CASE900911,IND100034,1GC522600230147,OnBoarding,Hardware Replacement,Phone,2026-06-16 20:00:00,2026-06-18 19:30:51.723613,1.98,N,Y,5,Southeast,2026-06-01
CASE900912,IND100027,1GC993138007649,OnBoarding,Other,Phone,2026-06-10 08:00:00,2026-06-11 00:12:14.972480,0.68,Y,Y,2,West,2026-06-01
CASE900913,IND100043,1GC381129977243,WiFi,Hotspot: SSID and Password,Mobile App,2026-06-10 22:00:00,2026-06-10 22:28:48.000000,0.02,Y,N,5,Midwest,2026-06-01
CASE900914,IND100041,1GC849410376451,OnBoarding,Enroll Vehicle,Chat,2026-06-12 12:00:00,2026-06-13 18:11:48.096284,1.26,N,Y,4,West,2026-06-01
CASE900915,IND100087,1GC515689507225,OnBoarding,Hardware Replacement,Chat,2026-06-21 00:00:00,2026-06-21 22:35:28.581760,0.94,Y,Y,5,Southwest,2026-06-01
CASE900916,IND100093,1GC442919103486,OnBoarding,BBWC,Mobile App,2026-06-01 06:00:00,2026-06-02 10:21:30.646715,1.18,N,Y,5,Northeast,2026-06-01
CASE900917,IND100010,1GC433718221808,OnBoarding,Hardware Replacement,Phone,2026-06-13 17:00:00,2026-06-15 02:54:39.804681,1.41,N,Y,4,Southwest,2026-06-01
CASE900918,IND100076,1GC364234381989,OnBoarding,Other,Phone,2026-06-10 17:00:00,2026-06-10 18:46:10.555990,0.07,Y,Y,4,Midwest,2026-06-01
CASE900919,IND100049,1GC225777235248,WiFi,No / Slow Internet,Phone,2026-06-10 00:00:00,2026-06-10 09:42:08.811564,0.4,Y,N,5,Southwest,2026-06-01
CASE900920,IND100145,1GC340278096782,OnBoarding,Other,Dealer,2026-06-02 15:00:00,2026-06-04 11:48:56.816366,1.87,N,Y,3,Midwest,2026-06-01
CASE900921,IND100017,1GC827426324857,WiFi,No / Slow Internet,Dealer,2026-06-03 21:00:00,2026-06-04 13:26:06.991709,0.68,Y,N,4,Southwest,2026-06-01
CASE900922,IND100004,1GC184759613098,WiFi,No / Slow Internet,Phone,2026-06-07 20:00:00,2026-06-08 12:36:37.464766,0.69,Y,N,5,Midwest,2026-06-01
CASE900923,IND100054,1GC734648840762,OnBoarding,Hardware Replacement,Phone,2026-06-07 20:00:00,2026-06-10 02:00:56.289422,2.25,N,Y,5,Southwest,2026-06-01
CASE900924,IND100077,1GC695724863253,OnBoarding,Other,Chat,2026-06-02 19:00:00,2026-06-03 14:35:42.599591,0.82,Y,N,3,West,2026-06-01
CASE900925,IND100027,1GC993138007649,WiFi,No / Slow Internet,Phone,2026-06-09 21:00:00,2026-06-11 01:00:21.754994,1.17,N,Y,4,West,2026-06-01
CASE900926,IND100005,1GC705016083735,Infotainment,DIC (Driver Information Center),Chat,2026-06-10 19:00:00,2026-06-11 10:02:31.468354,0.63,Y,Y,2,West,2026-06-01
CASE900927,IND100011,1GC934088489962,WiFi,No / Slow Internet,Dealer,2026-06-06 13:00:00,2026-06-06 21:46:46.601455,0.37,Y,Y,4,Northeast,2026-06-01
CASE900928,IND100038,1GC304218414145,WiFi,No / Slow Internet,Chat,2026-06-19 04:00:00,2026-06-19 04:39:20.805096,0.03,Y,N,5,Southwest,2026-06-01
CASE900929,IND100023,1GC903809009189,Infotainment,Other,Phone,2026-06-10 08:00:00,2026-06-10 13:10:08.875569,0.22,Y,N,4,Midwest,2026-06-01
CASE900930,IND100145,1GC340278096782,WiFi,No / Slow Internet,Phone,2026-06-16 08:00:00,2026-06-16 08:28:48.000000,0.02,Y,Y,4,Midwest,2026-06-01
CASE900931,IND100039,1GC702832595213,OnBoarding,Hardware Replacement,Phone,2026-06-02 20:00:00,2026-06-03 19:03:26.356043,0.96,Y,N,5,West,2026-06-01
CASE900932,IND100006,1GC785025731790,Infotainment,Other,Phone,2026-06-09 06:00:00,2026-06-09 17:39:44.601538,0.49,Y,N,4,Southeast,2026-06-01
CASE900933,IND100128,1GC193062670950,Infotainment,App Not Working,Dealer,2026-06-13 13:00:00,2026-06-14 01:45:29.662589,0.53,Y,Y,3,West,2026-06-01
CASE900934,IND100005,1GC705016083735,OnBoarding,Enroll Vehicle,Mobile App,2026-06-21 05:00:00,2026-06-22 13:54:14.316205,1.37,N,Y,4,West,2026-06-01
CASE900935,IND100084,1GC120440865820,WiFi,No / Slow Internet,Mobile App,2026-06-22 16:00:00,2026-06-22 17:31:43.864296,0.06,Y,Y,5,Northeast,2026-06-01
CASE900936,IND100115,1GC870952855682,Infotainment,App Not Working,Mobile App,2026-06-07 19:00:00,2026-06-07 19:28:48.000000,0.02,Y,N,3,Midwest,2026-06-01
CASE900937,IND100003,1GC727631226152,WiFi,Hotspot: SSID and Password,Chat,2026-06-26 12:00:00,2026-06-26 12:38:37.365332,0.03,Y,Y,4,Southwest,2026-06-01
CASE900938,IND100011,1GC934088489962,OnBoarding,Hardware Replacement,Phone,2026-06-09 02:00:00,2026-06-10 05:14:17.234823,1.13,N,Y,5,Northeast,2026-06-01
CASE900939,IND100114,1GC259095504645,OnBoarding,Enroll Vehicle,Phone,2026-06-12 13:00:00,2026-06-13 03:45:40.149951,0.62,Y,Y,4,Southeast,2026-06-01
CASE900940,IND100104,1GC800875813568,OnBoarding,Enroll Vehicle,Phone,2026-06-26 22:00:00,2026-06-27 05:31:10.578492,0.31,Y,Y,4,Southeast,2026-06-01
CASE900941,IND100027,1GC139423389208,OnBoarding,Enroll Vehicle,Phone,2026-06-27 15:00:00,2026-06-27 23:31:09.493030,0.35,Y,Y,4,West,2026-06-01
CASE900942,IND100109,1GC912342156888,WiFi,No / Slow Internet,Mobile App,2026-06-27 23:00:00,2026-06-28 01:59:32.707931,0.12,Y,Y,3,Northeast,2026-06-01
CASE900943,IND100084,1GC120440865820,OnBoarding,Enroll Vehicle,Phone,2026-06-16 06:00:00,2026-06-16 19:47:21.014101,0.57,Y,N,5,Northeast,2026-06-01
CASE900944,IND100053,1GC698365770932,OnBoarding,Enroll Vehicle,Phone,2026-06-01 19:00:00,2026-06-02 21:28:53.509246,1.1,N,N,2,Northeast,2026-06-01
CASE900945,IND100112,1GC375360961735,Infotainment,App Not Working,Phone,2026-06-15 22:00:00,2026-06-16 02:51:35.243935,0.2,Y,N,3,Midwest,2026-06-01
CASE900946,IND100125,1GC544591737319,OnBoarding,Hardware Replacement,Phone,2026-06-01 16:00:00,2026-06-01 18:17:06.781791,0.1,Y,Y,4,Southeast,2026-06-01
CASE900947,IND100002,1GC226224180098,OnBoarding,BBWC,Chat,2026-06-08 04:00:00,2026-06-08 10:25:19.015774,0.27,Y,Y,4,Northeast,2026-06-01
CASE900948,IND100017,1GC827426324857,OnBoarding,BBWC,Phone,2026-06-27 16:00:00,2026-06-27 16:28:48.000000,0.02,Y,N,4,Southwest,2026-06-01
CASE900949,IND100119,1GC664577956631,WiFi,No / Slow Internet,Chat,2026-06-09 11:00:00,2026-06-09 11:34:40.435733,0.02,Y,N,5,Midwest,2026-06-01
CASE900950,IND100011,1GC924410660622,OnBoarding,Hardware Replacement,Dealer,2026-06-02 11:00:00,2026-06-03 12:23:52.053194,1.06,N,N,5,Northeast,2026-06-01
CASE900951,IND100087,1GC515689507225,OnBoarding,Enroll Vehicle,Phone,2026-06-23 15:00:00,2026-06-24 00:00:52.184877,0.38,Y,Y,2,Southwest,2026-06-01
CASE900952,IND100025,1GC140419557453,OnBoarding,Other,Dealer,2026-06-07 16:00:00,2026-06-07 21:12:19.989970,0.22,Y,Y,5,Southwest,2026-06-01
CASE900953,IND100081,1GC465748175295,OnBoarding,Hardware Replacement,Phone,2026-06-17 18:00:00,2026-06-18 09:51:46.828931,0.66,Y,Y,5,West,2026-06-01
CASE900954,IND100062,1GC608712495832,OnBoarding,BBWC,Chat,2026-06-16 21:00:00,2026-06-16 21:28:48.000000,0.02,Y,N,5,West,2026-06-01
CASE900955,IND100015,1GC304514849606,OnBoarding,Hardware Replacement,Mobile App,2026-06-14 22:00:00,2026-06-15 03:23:21.681687,0.22,Y,Y,5,Midwest,2026-06-01
CASE900956,IND100112,1GC375360961735,Infotainment,Other,Chat,2026-06-21 04:00:00,2026-06-22 10:18:15.940112,1.26,N,N,4,Midwest,2026-06-01
CASE900957,IND100003,1GC727631226152,WiFi,No / Slow Internet,Phone,2026-06-19 12:00:00,2026-06-19 19:50:29.382684,0.33,Y,Y,5,Southwest,2026-06-01
CASE900958,IND100030,1GC770285940316,OnBoarding,Other,IVR,2026-06-19 05:00:00,2026-06-20 13:25:55.035808,1.35,N,Y,3,Midwest,2026-06-01
CASE900959,IND100139,1GC174456999930,OnBoarding,Enroll Vehicle,Phone,2026-06-19 05:00:00,2026-06-21 14:04:16.949075,2.38,N,Y,5,West,2026-06-01
CASE900960,IND100035,1GC270524223175,Infotainment,DIC (Driver Information Center),Dealer,2026-06-06 05:00:00,2026-06-06 05:28:48.000000,0.02,Y,Y,5,Northeast,2026-06-01
CASE900961,IND100017,1GC827426324857,OnBoarding,Enroll Vehicle,Dealer,2026-06-04 20:00:00,2026-06-05 19:11:48.383926,0.97,Y,Y,4,Southwest,2026-06-01
CASE900962,IND100001,1GC906544694654,OnBoarding,Other,Chat,2026-06-05 17:00:00,2026-06-06 01:09:54.147785,0.34,Y,Y,3,Northeast,2026-06-01
CASE900963,IND100149,1GC119450871892,OnBoarding,BBWC,Chat,2026-06-18 19:00:00,2026-06-20 14:06:27.498620,1.8,N,Y,4,West,2026-06-01
CASE900964,IND100007,1GC693480371222,OnBoarding,Enroll Vehicle,Mobile App,2026-06-12 09:00:00,2026-06-12 17:25:53.204939,0.35,Y,Y,3,Northeast,2026-06-01
CASE900965,IND100091,1GC726688337569,WiFi,Hotspot: Data Not Shared / Disabled,Chat,2026-06-26 13:00:00,2026-06-26 14:09:03.091083,0.05,Y,Y,3,Southwest,2026-06-01
CASE900966,IND100003,1GC598632529184,OnBoarding,Other,Mobile App,2026-06-07 07:00:00,2026-06-07 09:07:09.838665,0.09,Y,N,5,Southwest,2026-06-01
CASE900967,IND100085,1GC181043074697,WiFi,Other,Mobile App,2026-06-14 08:00:00,2026-06-18 05:42:30.008616,3.9,N,Y,5,Northeast,2026-06-01
CASE900968,IND100020,1GC782278966076,Infotainment,App Not Working,Mobile App,2026-06-04 12:00:00,2026-06-05 17:48:53.243296,1.24,N,N,3,West,2026-06-01
CASE900969,IND100105,1GC745201170242,OnBoarding,Enroll Vehicle,Chat,2026-06-19 10:00:00,2026-06-19 14:35:00.924646,0.19,Y,Y,3,Southeast,2026-06-01
CASE900970,IND100057,1GC611867076357,WiFi,No / Slow Internet,IVR,2026-06-24 14:00:00,2026-06-25 05:11:49.647552,0.63,Y,Y,4,Northeast,2026-06-01
CASE900971,IND100109,1GC912342156888,WiFi,No / Slow Internet,Phone,2026-06-19 23:00:00,2026-06-21 19:48:37.606967,1.87,N,Y,4,Northeast,2026-06-01
CASE900972,IND100105,1GC745201170242,OnBoarding,Enroll Vehicle,Dealer,2026-06-27 13:00:00,2026-06-27 15:21:50.083495,0.1,Y,Y,3,Southeast,2026-06-01
CASE900973,IND100114,1GC259095504645,OnBoarding,Hardware Replacement,Phone,2026-06-09 10:00:00,2026-06-10 08:04:20.624369,0.92,Y,Y,4,Southeast,2026-06-01
CASE900974,IND100129,1GC628880114959,OnBoarding,BBWC,IVR,2026-06-13 03:00:00,2026-06-13 19:46:30.794589,0.7,Y,N,2,Northeast,2026-06-01
CASE900975,IND100086,1GC750123415536,OnBoarding,Hardware Replacement,Phone,2026-06-15 07:00:00,2026-06-15 07:35:53.679716,0.02,Y,Y,3,Midwest,2026-06-01
CASE900976,IND100013,1GC840485451942,WiFi,No / Slow Internet,Mobile App,2026-06-21 10:00:00,2026-06-22 10:32:07.315300,1.02,N,Y,3,Northeast,2026-06-01
CASE900977,IND100020,1GC361826054325,OnBoarding,Other,Mobile App,2026-06-13 19:00:00,2026-06-17 01:47:38.178791,3.28,N,Y,5,West,2026-06-01
CASE900978,IND100126,1GC396875091099,Infotainment,On Screen Messages,Phone,2026-06-13 07:00:00,2026-06-14 19:50:10.474287,1.53,N,Y,4,Midwest,2026-06-01
CASE900979,IND100027,1GC993138007649,WiFi,Other,Dealer,2026-06-14 11:00:00,2026-06-15 00:31:37.035916,0.56,Y,N,4,West,2026-06-01
CASE900980,IND100061,1GC523986585528,WiFi,Other,Chat,2026-06-19 17:00:00,2026-06-20 04:38:48.208708,0.49,Y,Y,4,West,2026-06-01
CASE900981,IND100032,1GC393242822324,Infotainment,App Not Working,Chat,2026-06-24 10:00:00,2026-06-24 23:33:58.173548,0.57,Y,Y,4,Midwest,2026-06-01
CASE900982,IND100000,1GC796560443699,OnBoarding,Hardware Replacement,Phone,2026-06-01 09:00:00,2026-06-01 11:11:07.390180,0.09,Y,Y,3,Midwest,2026-06-01
CASE900983,IND100101,1GC729736420428,Infotainment,DIC (Driver Information Center),Dealer,2026-06-01 17:00:00,2026-06-03 06:37:51.708779,1.57,N,Y,3,Southeast,2026-06-01
CASE900984,IND100022,1GC330368581510,OnBoarding,Hardware Replacement,Phone,2026-06-27 12:00:00,2026-06-28 19:05:51.411292,1.3,N,Y,4,Southwest,2026-06-01
CASE900985,IND100046,1GC448730541126,Infotainment,Other,Mobile App,2026-06-25 18:00:00,2026-06-25 20:05:09.016504,0.09,Y,Y,5,Southeast,2026-06-01
CASE900986,IND100139,1GC174456999930,Infotainment,App Not Working,Mobile App,2026-06-12 09:00:00,2026-06-13 00:28:24.440469,0.64,Y,Y,4,West,2026-06-01
CASE900987,IND100028,1GC238860542860,OnBoarding,Other,Dealer,2026-06-15 20:00:00,2026-06-16 06:30:38.919577,0.44,Y,Y,3,Southeast,2026-06-01
CASE900988,IND100014,1GC599367222451,WiFi,No / Slow Internet,Chat,2026-06-23 01:00:00,2026-06-23 18:38:43.209595,0.74,Y,N,5,Southeast,2026-06-01
CASE900989,IND100114,1GC259095504645,WiFi,Hotspot: SSID and Password,Phone,2026-06-13 07:00:00,2026-06-13 23:18:36.588506,0.68,Y,Y,4,Southeast,2026-06-01
